date,open,high,low,close,n_bars,open_0930,H_rth,L_rth,n_rth
2022-12-26,13759.0,13838.75,13759.0,13817.25,359,,,,0
2022-12-27,13817.0,13832.0,13546.5,13577.5,1380,13710.0,13712.0,13551.0,391
2022-12-28,13578.0,13651.5,13413.75,13457.5,1379,13557.75,13651.5,13413.75,391
2022-12-29,13458.0,13726.5,13448.0,13676.5,1378,13541.75,13726.5,13511.5,391
2022-12-30,13676.75,13706.5,13510.5,13696.75,1021,13563.75,13681.0,13510.5,391
2023-01-02,13777.5,13805.0,13607.0,13677.75,359,,,,0
2023-01-03,13678.0,13837.0,13499.75,13638.25,1380,13779.25,13837.0,13499.75,391
2023-01-04,13638.0,13723.5,13518.5,13638.5,1380,13686.5,13723.5,13518.5,391
2023-01-05,13639.0,13701.75,13460.0,13531.0,1380,13569.75,13582.25,13460.0,391
2023-01-06,13530.5,13820.75,13406.0,13763.75,1021,13541.0,13820.75,13421.25,391
2023-01-08,13781.5,13833.0,13778.25,13829.0,357,,,,0
2023-01-09,13828.25,14040.5,13775.25,13801.0,1380,13856.75,14040.5,13814.75,391
2023-01-10,13800.5,13956.5,13749.0,13931.25,1380,13798.0,13941.25,13775.75,391
2023-01-11,13931.75,14147.75,13894.75,14143.25,1380,13986.0,14134.5,13946.0,391
2023-01-12,14142.75,14234.75,13946.0,14144.0,1380,14134.75,14229.75,13966.25,391
2023-01-13,14144.0,14274.5,14044.0,14256.5,1021,14080.75,14274.5,14063.75,391
2023-01-15,14268.5,14293.75,14237.5,14274.0,358,,,,0
2023-01-16,14273.25,14274.5,14165.25,14201.75,1140,14248.5,14266.25,14215.5,211
2023-01-17,14201.75,14347.5,14185.5,14299.5,1380,14257.25,14340.0,14204.5,391
2023-01-18,14299.5,14414.5,14101.5,14123.25,1380,14355.0,14414.5,14125.5,391
2023-01-19,14124.5,14141.75,13963.5,14054.75,1380,14051.0,14109.25,13963.5,391
2023-01-20,14055.0,14341.75,14020.25,14332.75,1021,14091.0,14341.75,14038.5,391
2023-01-22,14331.75,14340.25,14305.5,14320.25,358,,,,0
2023-01-23,14320.25,14638.0,14307.0,14583.5,1380,14361.75,14638.0,14326.75,391
2023-01-24,14584.0,14665.5,14453.25,14473.0,1380,14512.25,14606.5,14493.25,391
2023-01-25,14473.25,14577.75,14259.5,14570.25,1380,14365.0,14558.5,14259.5,391
2023-01-26,14570.25,14768.0,14559.25,14688.25,1380,14673.5,14766.25,14559.25,391
2023-01-27,14688.25,14963.5,14671.0,14876.0,1021,14704.5,14963.5,14696.75,391
2023-01-29,14867.5,14907.0,14825.0,14832.75,359,,,,0
2023-01-30,14833.0,14835.0,14576.75,14590.5,1380,14735.0,14798.25,14615.0,391
2023-01-31,14590.25,14811.0,14526.0,14763.25,1380,14631.5,14811.0,14624.0,391
2023-02-01,14763.5,15214.75,14710.25,15194.25,1380,14798.25,15171.25,14710.25,391
2023-02-02,15193.75,15604.75,15163.0,15311.0,1380,15329.75,15589.5,15302.25,391
2023-02-03,15311.75,15533.0,15206.25,15271.5,1021,15220.0,15533.0,15213.5,391
2023-02-05,15227.0,15260.5,15205.0,15221.0,359,,,,0
2023-02-06,15221.75,15263.5,15110.75,15185.5,1380,15160.75,15263.5,15110.75,391
2023-02-07,15185.0,15473.5,15114.25,15441.0,1379,15162.75,15473.5,15114.25,391
2023-02-08,15441.0,15463.5,15167.75,15231.25,1380,15368.5,15407.0,15167.75,391
2023-02-09,15231.25,15383.5,15021.5,15045.75,1380,15377.25,15383.5,15021.5,391
2023-02-10,15045.5,15101.25,14898.25,14997.0,1021,14984.25,15077.0,14898.25,391
2023-02-12,15012.5,15022.0,14920.25,14940.75,359,,,,0
2023-02-13,14940.5,15222.0,14938.25,15179.0,1380,15056.0,15222.0,15007.0,391
2023-02-14,15178.75,15342.0,15045.5,15218.75,1380,15131.5,15328.5,15045.5,391
2023-02-15,15218.75,15447.75,15179.25,15435.25,1380,15207.0,15389.5,15179.25,391
2023-02-16,15435.25,15439.0,15056.5,15067.75,1380,15175.75,15349.25,15130.75,391
2023-02-17,15068.0,15078.75,14920.75,15039.25,1021,15049.5,15078.75,14920.75,391
2023-02-19,15035.0,15061.5,15001.5,15048.25,359,,,,0
2023-02-20,15049.0,15072.75,14988.75,15000.75,1139,15049.5,15050.75,15021.0,211
2023-02-21,15001.0,15015.5,14745.25,14784.0,1380,14884.5,14945.0,14745.25,391
2023-02-22,14784.75,14867.75,14689.0,14861.0,1379,14779.25,14845.5,14689.0,391
2023-02-23,14861.5,14916.0,14683.5,14832.0,1380,14904.0,14914.75,14683.5,391
2023-02-24,14832.25,14842.5,14578.0,14654.75,1021,14648.5,14698.0,14578.0,391
2023-02-26,14658.0,14702.0,14645.0,14684.25,359,,,,0
2023-02-27,14684.75,14844.5,14661.5,14760.75,1379,14784.75,14844.5,14713.5,391
2023-02-28,14761.25,14827.75,14644.25,14724.25,1380,14716.0,14827.75,14696.5,391
2023-03-01,14724.0,14796.75,14509.25,14558.5,1380,14707.25,14734.5,14579.75,391
2023-03-02,14558.5,14751.25,14487.5,14687.25,1380,14508.5,14751.25,14501.25,391
2023-03-03,14687.25,14984.0,14674.0,14979.5,1021,14790.25,14976.25,14766.5,391
2023-03-05,14961.25,15033.0,14931.25,14996.0,359,,,,0
2023-03-06,14996.0,15141.25,14950.5,15021.5,1380,15015.25,15141.25,14969.25,391
2023-03-07,15021.5,15036.25,14793.75,14818.0,1379,14980.75,15017.75,14797.25,391
2023-03-08,14818.0,14909.5,14763.25,14859.5,1380,14839.0,14909.5,14763.25,391
2023-03-09,14859.5,15008.5,14581.0,14592.0,1380,14902.0,15008.5,14632.5,391
2023-03-10,14591.0,14764.0,14450.0,14547.5,1021,14666.75,14734.5,14450.0,391
2023-03-12,14538.75,14724.25,14500.75,14705.75,359,,,,0
2023-03-13,14706.75,14747.5,14331.0,14637.25,1380,14405.0,14738.25,14346.75,391
2023-03-14,14636.75,14899.0,14557.0,14872.5,1380,14726.0,14881.25,14693.25,391
2023-03-15,14873.5,14987.25,14621.5,14950.75,1380,14734.5,14932.25,14677.0,391
2023-03-16,14950.75,15260.5,14838.75,15244.75,1380,14873.75,15260.5,14838.75,391
2023-03-17,15244.5,15336.0,15094.25,15173.25,1021,15247.75,15336.0,15094.25,391
2023-03-19,15214.75,15274.75,15180.75,15194.25,359,,,,0
2023-03-20,15194.25,15262.5,15050.0,15218.75,1380,15145.75,15232.75,15054.25,391
2023-03-21,15219.25,15423.0,15211.25,15400.75,1380,15300.0,15423.0,15237.25,391
2023-03-22,15400.75,15606.75,15202.75,15293.75,1380,15398.75,15606.75,15220.75,391
2023-03-23,15293.75,15555.75,15258.25,15385.25,1380,15371.0,15555.75,15258.25,391
2023-03-24,15385.5,15449.5,15252.75,15447.5,1021,15340.75,15420.75,15252.75,391
2023-03-26,15440.75,15486.0,15427.25,15475.25,359,,,,0
2023-03-27,15475.75,15509.25,15290.25,15332.5,1380,15442.0,15490.0,15290.25,391
2023-03-28,15332.25,15358.25,15159.0,15298.5,1380,15294.25,15302.25,15159.0,391
2023-03-29,15298.75,15518.75,15297.0,15467.75,1380,15408.5,15518.75,15379.25,391
2023-03-30,15468.0,15663.5,15466.5,15654.25,1380,15588.25,15636.5,15536.0,391
2023-03-31,15654.0,15836.25,15582.25,15832.75,1021,15622.5,15836.25,15605.0,391
2023-04-02,15786.75,15800.25,15724.75,15742.25,359,,,,0
2023-04-03,15741.5,15803.5,15678.75,15767.0,1379,15730.25,15803.5,15678.75,391
2023-04-04,15767.25,15873.5,15693.0,15751.25,1380,15810.25,15851.5,15693.0,391
2023-04-05,15751.5,15760.75,15530.75,15550.0,1083,15703.75,15706.75,15530.75,274
2023-04-06,15549.75,15715.75,15478.0,15684.75,1379,15538.0,15715.75,15478.0,391
2023-04-07,15684.5,15717.0,15646.75,15709.0,555,,,,0
2023-04-09,15704.5,15728.0,15655.75,15667.5,359,,,,0
2023-04-10,15667.75,15711.25,15492.25,15677.25,1380,15568.5,15689.5,15492.25,391
2023-04-11,15677.0,15733.5,15578.25,15597.75,1379,15680.75,15685.25,15578.25,391
2023-04-12,15597.75,15766.5,15450.25,15497.25,1380,15681.0,15705.25,15462.5,391
2023-04-13,15497.75,15752.75,15482.0,15723.25,1380,15543.25,15752.75,15543.25,391
2023-04-14,15723.5,15779.75,15582.75,15724.25,1021,15659.5,15779.75,15582.75,391
2023-04-16,15737.25,15739.5,15698.75,15706.0,359,,,,0
2023-04-17,15705.75,15742.75,15601.5,15693.75,1379,15688.75,15730.75,15601.5,391
2023-04-18,15693.25,15823.5,15662.75,15695.5,1379,15803.0,15822.5,15662.75,391
2023-04-19,15695.5,15751.5,15589.75,15663.0,1380,15606.0,15751.5,15605.25,391
2023-04-20,15663.5,15724.75,15546.5,15617.75,1380,15577.5,15724.75,15546.5,391
2023-04-21,15618.25,15646.75,15507.25,15600.75,1021,15587.25,15646.75,15507.25,391
2023-04-23,15594.75,15599.5,15571.0,15576.25,359,,,,0
2023-04-24,15576.5,15658.75,15492.0,15536.5,1380,15601.0,15658.75,15492.0,391
2023-04-25,15537.25,15552.0,15324.75,15496.25,1380,15520.75,15540.25,15330.75,391
2023-04-26,15495.75,15537.0,15388.5,15477.25,1380,15470.5,15537.0,15388.5,391
2023-04-27,15476.75,15857.75,15476.5,15726.0,1380,15562.25,15778.0,15538.25,391
2023-04-28,15726.25,15860.75,15693.75,15850.5,1021,15741.75,15849.0,15697.0,391
2023-04-30,15841.75,15868.75,15821.0,15858.25,359,,,,0
2023-05-01,15858.5,15895.0,15783.5,15822.75,1380,15824.75,15888.25,15783.5,391
2023-05-02,15823.25,15859.5,15635.0,15713.75,1380,15826.0,15838.0,15635.0,391
2023-05-03,15714.0,15838.75,15569.0,15675.25,1379,15726.0,15838.75,15617.25,391
2023-05-04,15675.0,15697.75,15526.5,15635.5,1380,15599.5,15656.0,15526.5,391
2023-05-05,15636.0,15883.75,15601.0,15835.25,1021,15664.0,15883.75,15649.0,391
2023-05-07,15840.75,15857.5,15819.0,15838.25,359,,,,0
2023-05-08,15838.25,15892.75,15779.25,15865.25,1378,15822.25,15892.75,15779.25,391
2023-05-09,15865.5,15871.75,15775.25,15796.0,1380,15802.5,15842.25,15775.25,391
2023-05-10,15796.25,15972.5,15727.5,15956.75,1380,15893.75,15971.5,15787.0,391
2023-05-11,15956.25,16019.0,15886.25,16006.0,1380,15949.25,15995.0,15886.25,391
2023-05-12,16006.25,16018.5,15835.25,15895.25,1021,15991.5,16012.0,15835.25,391
2023-05-14,15903.5,15919.0,15874.75,15915.75,359,,,,0
2023-05-15,15915.75,16004.75,15876.25,15984.75,1380,15939.25,16004.75,15876.25,391
2023-05-16,15984.5,16079.25,15951.0,16039.75,1380,15957.5,16079.25,15957.25,391
2023-05-17,16040.0,16193.75,15999.0,16169.0,1380,16047.25,16193.75,16000.25,391
2023-05-18,16169.25,16485.0,16156.25,16455.25,1380,16177.5,16426.0,16176.25,391
2023-05-19,16455.5,16456.75,16339.0,16365.75,1021,16423.25,16453.75,16339.0,391
2023-05-21,16330.25,16398.75,16319.0,16395.0,359,,,,0
2023-05-22,16395.0,16504.0,16349.25,16462.25,1380,16378.0,16471.5,16371.75,391
2023-05-23,16461.75,16463.0,16234.75,16268.5,1380,16356.0,16402.75,16234.75,391
2023-05-24,16268.5,16408.5,16091.25,16362.75,1380,16163.0,16230.5,16091.25,391
2023-05-25,16362.25,16556.0,16351.25,16476.75,1380,16482.75,16556.0,16376.0,391
2023-05-26,16476.25,16893.75,16467.5,16892.0,1021,16543.25,16893.25,16539.5,391
2023-05-28,16962.25,16984.5,16911.5,16918.5,359,,,,0
2023-05-29,16918.5,16957.0,16892.25,16914.0,1140,16900.25,16937.0,16892.75,211
2023-05-30,16914.0,17094.75,16861.5,16905.5,1380,17038.5,17084.25,16861.5,391
2023-05-31,16905.5,16937.0,16773.0,16805.5,1380,16849.75,16937.0,16776.0,391
2023-06-01,16805.0,17053.0,16776.75,17031.25,1380,16827.5,17053.0,16776.75,391
2023-06-02,17031.5,17152.5,16993.0,17112.5,1021,17069.25,17152.5,16993.0,391
2023-06-04,17101.75,17104.25,17037.5,17053.0,354,,,,0
2023-06-05,17053.25,17219.5,17041.0,17113.5,1380,17090.0,17219.5,17068.25,391
2023-06-06,17113.5,17148.5,17029.25,17111.5,1378,17088.5,17148.5,17029.25,391
2023-06-07,17110.5,17199.75,16829.0,16833.0,1380,17118.75,17199.75,16830.25,391
2023-06-08,16833.25,17051.5,16781.5,17025.25,1380,16863.5,17048.25,16852.75,391
2023-06-09,17025.25,17212.25,16985.0,17091.0,1021,17084.75,17212.25,17021.0,391
2023-06-11,17082.75,17134.5,17080.25,17113.25,357,,,,0
2023-06-12,17112.0,17400.75,17101.25,17394.0,1377,17149.5,17339.0,17112.25,391
2023-06-13,17394.0,17499.5,17311.25,17446.0,1380,17448.75,17478.25,17311.25,391
2023-06-14,17446.0,17591.75,17324.25,17545.0,1379,17442.25,17564.25,17324.25,391
2023-06-15,17544.0,17789.25,17414.25,17693.5,1380,17489.25,17789.25,17462.75,391
2023-06-16,17693.25,17823.75,17606.75,17649.0,1021,17804.0,17823.75,17606.75,391
2023-06-18,17651.5,17670.75,17618.0,17620.75,359,,,,0
2023-06-19,17621.0,17654.0,17572.25,17585.5,1139,17603.5,17603.5,17578.75,211
2023-06-20,17585.25,17659.0,17474.75,17602.75,1380,17561.25,17659.0,17474.75,391
2023-06-21,17602.25,17614.0,17350.5,17377.25,1379,17545.25,17567.5,17350.5,391
2023-06-22,17377.25,17586.25,17312.25,17506.0,1380,17330.5,17566.25,17312.25,391
2023-06-23,17506.0,17524.25,17333.5,17401.5,1021,17389.25,17503.5,17333.5,391
2023-06-25,17406.0,17462.25,17402.5,17449.5,359,,,,0
2023-06-26,17449.5,17500.75,17201.75,17224.5,1380,17390.25,17500.75,17201.75,391
2023-06-27,17223.75,17487.5,17221.5,17411.75,1380,17265.25,17487.5,17236.25,391
2023-06-28,17411.5,17567.25,17369.5,17495.75,1380,17378.5,17567.25,17373.75,391
2023-06-29,17495.75,17551.0,17376.75,17472.25,1378,17462.25,17493.0,17376.75,391
2023-06-30,17471.25,17725.0,17469.0,17664.75,1021,17597.5,17725.0,17586.75,391
2023-07-02,17679.25,17710.75,17678.75,17700.5,359,,,,0
2023-07-03,17700.25,17740.25,17656.25,17698.25,1153,17700.25,17738.25,17656.25,226
2023-07-04,17698.25,17716.75,17679.25,17692.5,1139,17711.5,17716.75,17688.75,211
2023-07-05,17692.5,17780.25,17603.5,17647.5,1380,17639.75,17780.25,17639.0,391
2023-07-06,17647.25,17655.25,17459.75,17582.25,1380,17536.5,17600.25,17459.75,391
2023-07-07,17581.75,17708.0,17520.5,17540.75,1020,17574.75,17708.0,17520.5,391
2023-07-09,17546.75,17546.75,17468.5,17477.75,359,,,,0
2023-07-10,17477.25,17566.5,17411.5,17544.0,1380,17515.5,17563.0,17411.5,391
2023-07-11,17544.25,17629.75,17457.75,17623.5,1379,17553.0,17627.0,17457.75,391
2023-07-12,17623.5,17856.0,17617.25,17849.75,1380,17773.25,17856.0,17692.25,391
2023-07-13,17850.75,18089.5,17834.75,18072.25,1380,17928.5,18089.5,17900.5,391
2023-07-14,18072.5,18205.5,18011.25,18042.0,1021,18061.5,18205.5,18011.25,391
2023-07-16,18038.25,18038.5,18009.75,18024.75,359,,,,0
2023-07-17,18024.5,18231.0,18021.5,18162.25,1380,18074.25,18231.0,18057.0,391
2023-07-18,18162.0,18378.0,18081.25,18311.5,1380,18157.0,18378.0,18081.25,391
2023-07-19,18311.75,18411.0,18190.5,18231.25,1380,18363.25,18411.0,18259.5,391
2023-07-20,18231.25,18252.5,17895.25,17951.5,1380,18182.0,18243.25,17895.25,391
2023-07-21,17951.25,18067.5,17870.5,17903.25,1021,18039.25,18067.5,17870.5,391
2023-07-23,17904.25,17919.25,17880.75,17894.25,359,,,,0
2023-07-24,17894.25,17967.0,17832.0,17910.25,1379,17920.75,17967.0,17832.0,391
2023-07-25,17910.0,18087.5,17903.25,18001.25,1380,17935.0,18084.5,17932.75,391
2023-07-26,18001.0,18058.75,17863.25,18047.75,1380,17966.0,18032.75,17863.25,391
2023-07-27,18048.0,18252.25,17859.5,17964.5,1380,18178.0,18252.25,17859.5,391
2023-07-28,17964.75,18244.25,17894.5,18194.25,1021,18084.75,18244.25,18064.0,391
2023-07-30,18198.25,18265.25,18144.0,18156.75,359,,,,0
2023-07-31,18155.75,18253.25,18139.5,18214.75,1380,18208.0,18253.25,18148.5,391
2023-08-01,18215.25,18222.75,18032.25,18075.0,1380,18146.0,18197.5,18076.5,391
2023-08-02,18074.75,18079.75,17762.25,17826.25,1380,18013.5,18017.75,17762.25,391
2023-08-03,17826.25,17900.0,17687.75,17860.5,1380,17706.75,17871.75,17699.25,391
2023-08-04,17860.75,17958.5,17684.75,17711.0,1021,17861.75,17958.5,17684.75,391
2023-08-06,17718.75,17793.0,17706.0,17784.0,359,,,,0
2023-08-07,17784.0,17846.0,17682.5,17782.5,1380,17779.75,17839.5,17682.5,391
2023-08-08,17782.75,17794.25,17566.25,17723.5,1380,17718.0,17728.0,17566.25,391
2023-08-09,17723.75,17780.75,17494.75,17587.25,1380,17713.75,17716.75,17494.75,391
2023-08-10,17587.0,17790.5,17484.25,17561.0,1380,17652.5,17790.5,17484.25,391
2023-08-11,17560.75,17590.0,17385.5,17452.0,1021,17430.25,17522.5,17385.5,391
2023-08-13,17452.25,17497.25,17369.0,17397.25,359,,,,0
2023-08-14,17397.0,17683.25,17383.25,17665.25,1380,17413.5,17621.75,17383.25,391
2023-08-15,17664.75,17678.75,17423.0,17470.25,1380,17570.0,17607.5,17423.0,391
2023-08-16,17470.75,17514.25,17235.75,17294.75,1380,17419.5,17492.25,17286.5,391
2023-08-17,17294.75,17366.5,17079.75,17109.25,1380,17339.0,17355.75,17102.75,391
2023-08-18,17109.5,17151.0,16957.5,17092.25,1021,16973.5,17151.0,16957.5,391
2023-08-20,17110.75,17143.5,17082.75,17112.25,359,,,,0
2023-08-21,17112.75,17362.0,17068.75,17321.5,1380,17152.75,17362.0,17137.0,391
2023-08-22,17322.25,17466.5,17280.25,17358.75,1380,17437.0,17441.5,17280.25,391
2023-08-23,17358.25,17747.0,17305.5,17732.25,1380,17358.75,17590.75,17347.75,391
2023-08-24,17732.25,17766.25,17165.25,17183.75,1380,17687.5,17689.75,17203.0,391
2023-08-25,17183.5,17397.0,17100.0,17320.5,1020,17233.0,17397.0,17100.0,391
2023-08-27,17339.25,17378.0,17321.75,17331.25,359,,,,0
2023-08-28,17331.75,17474.75,17324.0,17459.75,1378,17452.5,17474.75,17331.75,391
2023-08-29,17460.25,17816.25,17398.0,17804.0,1380,17419.25,17778.75,17411.0,391
2023-08-30,17804.5,17880.25,17709.75,17859.0,1380,17767.5,17871.0,17723.25,391
2023-08-31,17859.25,17955.0,17808.25,17894.25,1380,17837.75,17955.0,17836.0,391
2023-09-01,17894.75,18009.5,17802.25,17859.5,1021,17982.75,18001.0,17802.25,391
2023-09-03,17865.25,17891.0,17848.75,17881.0,358,,,,0
2023-09-04,17881.5,17927.0,17836.25,17849.0,1139,17902.5,17927.0,17860.5,211
2023-09-05,17849.0,17935.0,17766.5,17850.75,1380,17821.5,17935.0,17791.0,391
2023-09-06,17851.0,17866.0,17658.75,17734.5,1380,17841.25,17862.5,17658.75,391
2023-09-07,17734.25,17735.75,17505.75,17636.0,1380,17547.0,17660.0,17505.75,391
2023-09-08,17636.0,17739.0,17571.25,17661.25,1021,17626.0,17739.0,17604.0,391
2023-09-10,17652.75,17682.75,17643.75,17667.0,359,,,,0
2023-09-11,17667.0,17847.0,17665.5,17820.0,1379,17767.75,17847.0,17688.25,391
2023-09-12,17820.25,17831.0,17623.75,17629.0,1380,17759.25,17809.75,17634.75,391
2023-09-13,17628.75,17774.25,17557.0,17772.25,1380,17653.25,17770.75,17605.25,391
2023-09-14,17772.75,17869.5,17682.0,17861.25,1380,17768.75,17865.5,17682.0,391
2023-09-15,17861.0,17870.75,17507.75,17534.0,1021,17759.0,17778.5,17507.75,391
2023-09-17,17533.25,17570.75,17530.5,17563.75,359,,,,0
2023-09-18,17564.0,17612.0,17481.5,17559.75,1379,17501.75,17612.0,17494.0,391
2023-09-19,17559.25,17593.25,17399.5,17500.5,1379,17502.5,17559.0,17399.5,391
2023-09-20,17501.25,17587.25,17231.0,17245.75,1380,17574.5,17586.25,17298.5,391
2023-09-21,17246.0,17263.0,16987.25,17047.0,1380,17130.5,17171.25,17010.25,391
2023-09-22,17047.0,17178.5,17003.5,17027.25,1021,17091.0,17178.5,17003.5,391
2023-09-24,17031.25,17078.75,17018.5,17073.25,358,,,,0
2023-09-25,17073.25,17106.75,16933.25,17026.25,1380,16965.75,17090.25,16933.5,391
2023-09-26,17026.0,17044.0,16817.25,16887.5,1380,16973.5,16997.25,16817.25,391
2023-09-27,16887.75,16972.5,16737.0,16892.75,1380,16906.25,16972.5,16737.0,391
2023-09-28,16892.5,17098.5,16809.0,17036.0,1380,16837.75,17098.5,16809.0,391
2023-09-29,17036.0,17211.75,16962.0,17042.5,1021,17156.75,17211.75,16962.0,391
2023-10-01,17116.0,17161.0,17085.25,17127.25,359,,,,0
2023-10-02,17127.0,17197.0,16977.0,17135.5,1380,17023.25,17197.0,16998.75,391
2023-10-03,17135.0,17182.0,16791.0,16805.75,1380,17025.5,17125.75,16802.5,391
2023-10-04,16806.25,17107.0,16740.0,17085.25,1380,16907.0,17107.0,16885.5,391
2023-10-05,17084.5,17109.75,16867.25,17014.25,1380,17063.5,17077.5,16867.25,391
2023-10-06,17013.75,17311.25,16811.0,17290.5,1021,16885.25,17311.25,16853.25,391
2023-10-08,17191.25,17191.5,17129.75,17132.5,359,,,,0
2023-10-09,17133.0,17388.75,17100.5,17365.5,1377,17164.0,17363.75,17100.5,391
2023-10-10,17365.25,17534.5,17322.75,17446.25,1380,17354.5,17534.5,17331.0,391
2023-10-11,17446.25,17582.0,17404.0,17573.5,1380,17477.75,17538.25,17404.0,391
2023-10-12,17573.75,17619.75,17367.25,17480.5,1380,17540.5,17619.75,17367.25,391
2023-10-13,17480.25,17517.75,17213.25,17258.5,1021,17491.5,17517.75,17213.25,391
2023-10-15,17271.0,17338.5,17271.0,17314.25,359,,,,0
2023-10-16,17314.5,17487.75,17234.0,17425.75,1380,17327.75,17487.75,17319.75,391
2023-10-17,17425.75,17460.25,17201.25,17366.75,1380,17293.5,17460.25,17201.25,391
2023-10-18,17366.75,17374.75,17130.25,17145.75,1380,17281.0,17374.75,17130.25,391
2023-10-19,17145.5,17289.25,16968.5,16998.25,1380,17233.0,17289.25,17003.25,391
2023-10-20,16998.25,17038.5,16796.0,16800.0,1021,17010.25,17037.0,16802.75,391
2023-10-22,16831.0,16867.0,16813.5,16841.75,359,,,,0
2023-10-23,16842.0,17004.75,16665.25,16905.0,1380,16754.0,17004.75,16665.25,391
2023-10-24,16905.0,17099.75,16857.0,16937.25,1380,16927.75,17029.0,16857.0,391
2023-10-25,16937.5,16943.0,16453.25,16472.5,1380,16888.0,16900.25,16602.25,391
2023-10-26,16472.0,16610.0,16291.25,16457.0,1380,16570.0,16610.0,16291.25,391
2023-10-27,16457.0,16558.75,16360.75,16421.0,1021,16466.0,16558.75,16360.75,391
2023-10-29,16487.0,16502.75,16454.0,16492.75,359,,,,0
2023-10-30,16492.5,16627.5,16457.25,16496.0,1380,16512.0,16627.5,16457.25,391
2023-10-31,16496.0,16654.75,16462.25,16622.5,1380,16561.5,16654.75,16462.25,391
2023-11-01,16622.0,16968.5,16561.75,16956.5,1380,16673.5,16913.0,16666.25,391
2023-11-02,16956.75,17168.25,16931.75,17109.75,1380,17072.0,17159.5,17020.5,391
2023-11-03,17109.5,17379.5,17082.5,17337.25,1021,17202.5,17379.5,17191.5,391
2023-11-05,17338.0,17353.5,17313.75,17330.0,359,,,,0
2023-11-06,17330.0,17408.5,17289.0,17356.75,1380,17356.75,17408.5,17289.0,391
2023-11-07,17356.75,17563.25,17327.0,17509.25,1380,17423.75,17563.25,17375.0,391
2023-11-08,17509.25,17568.5,17437.75,17522.75,1380,17535.25,17568.5,17437.75,391
2023-11-09,17522.5,17604.75,17358.75,17397.0,1380,17555.0,17604.75,17387.75,391
2023-11-10,17397.75,17763.75,17358.25,17734.0,1021,17475.25,17755.5,17456.5,391
2023-11-12,17737.25,17752.25,17660.5,17664.5,359,,,,0
2023-11-13,17664.5,17740.5,17616.25,17723.5,1380,17684.25,17740.5,17616.25,391
2023-11-14,17723.5,18084.0,17703.0,18071.75,1380,17966.0,18069.75,17941.25,391
2023-11-15,18072.25,18200.5,17975.0,18001.5,1380,18104.75,18128.25,17983.5,391
2023-11-16,18001.5,18057.75,17947.75,18044.0,1380,17999.5,18057.75,17947.75,391
2023-11-17,18044.0,18091.0,17976.0,18025.25,1021,18026.5,18091.0,17976.0,391
2023-11-19,18046.0,18054.75,17999.25,18005.5,359,,,,0
2023-11-20,18005.0,18273.5,17988.25,18260.25,1380,18041.5,18267.75,18041.5,391
2023-11-21,18260.0,18264.75,18063.0,18122.0,1380,18157.5,18171.75,18067.75,391
2023-11-22,18122.25,18324.5,18093.75,18201.25,1379,18214.75,18324.5,18156.5,391
2023-11-23,18201.25,18237.5,18199.5,18212.5,1140,18213.0,18225.75,18202.5,211
2023-11-24,18212.25,18222.5,18132.75,18162.0,796,18179.5,18204.5,18132.75,226
2023-11-26,18159.0,18160.0,18089.75,18098.0,359,,,,0
2023-11-27,18098.0,18240.25,18090.75,18147.5,1380,18146.75,18240.25,18121.25,391
2023-11-28,18147.5,18237.5,18096.25,18226.5,1380,18125.75,18222.5,18109.5,391
2023-11-29,18226.75,18359.5,18164.5,18205.75,1380,18300.0,18359.5,18164.5,391
2023-11-30,18205.25,18249.5,18007.0,18106.25,1380,18186.25,18202.5,18007.0,391
2023-12-01,18106.0,18201.0,18015.0,18181.25,1021,18079.0,18201.0,18015.0,391
2023-12-03,18173.0,18177.0,18117.5,18132.75,359,,,,0
2023-12-04,18132.5,18154.5,17872.25,17979.25,1380,18014.5,18036.75,17872.25,391
2023-12-05,17979.5,18140.75,17912.25,18130.5,1380,17932.5,18112.0,17931.5,391
2023-12-06,18130.25,18188.75,17950.75,17965.75,1380,18177.0,18188.75,17953.0,391
2023-12-07,17965.75,18217.0,17942.0,18176.5,1380,18088.0,18217.0,18038.5,391
2023-12-08,18176.5,18269.75,18039.25,18245.0,1021,18101.75,18269.75,18098.25,391
2023-12-10,18242.5,18264.0,18200.5,18204.75,359,,,,0
2023-12-11,18205.0,18426.25,18197.5,18411.25,1378,18229.0,18400.75,18222.75,391
2023-12-12,18411.25,18554.5,18337.75,18546.75,1380,18383.5,18521.0,18337.75,391
2023-12-13,18546.75,18826.25,18517.25,18815.0,1380,18548.5,18747.75,18517.25,391
2023-12-14,18815.25,18825.0,18569.25,18718.25,1380,18762.0,18818.5,18569.25,391
2023-12-15,18718.25,18828.5,18698.0,18756.25,1021,18714.0,18828.5,18703.75,391
2023-12-17,18761.5,18794.5,18743.5,18794.0,359,,,,0
2023-12-18,18793.75,18915.25,18749.25,18870.25,1380,18787.0,18915.25,18773.75,391
2023-12-19,18870.5,18987.0,18859.0,18982.25,1380,18896.0,18968.75,18885.75,391
2023-12-20,18982.25,19014.75,18699.75,18779.75,1380,18927.0,19014.75,18701.5,391
2023-12-21,18779.5,18911.5,18756.25,18852.25,1380,18865.75,18907.25,18756.25,391
2023-12-22,18852.25,18982.75,18832.75,18903.75,1021,18943.25,18982.75,18837.25,391
2023-12-25,18905.75,18970.0,18905.75,18964.0,359,,,,0
2023-12-26,18963.5,19052.5,18926.0,19024.25,1380,18950.75,19052.5,18946.75,391
2023-12-27,19024.25,19097.0,18996.75,19082.0,1380,19033.0,19069.0,18996.75,391
2023-12-28,19082.25,19106.5,19019.0,19034.75,1380,19086.75,19100.25,19019.0,391
2023-12-29,19034.75,19072.25,18879.5,18945.0,1021,19026.5,19048.75,18879.5,391
2024-01-01,18960.25,18979.75,18942.25,18949.5,359,,,,0
2024-01-02,18949.5,18978.0,18563.75,18635.5,1380,18803.75,18814.75,18563.75,391
2024-01-03,18635.75,18670.75,18463.25,18490.0,1380,18548.25,18594.75,18463.25,391
2024-01-04,18490.25,18528.5,18377.25,18384.75,1380,18393.75,18525.0,18377.25,391
2024-01-05,18384.5,18518.5,18275.5,18406.25,1021,18386.75,18518.5,18345.0,391
2024-01-07,18411.25,18441.5,18379.25,18390.25,359,,,,0
2024-01-08,18390.0,18752.5,18319.5,18722.5,1380,18449.0,18752.5,18446.75,391
2024-01-09,18723.0,18809.75,18599.0,18769.75,1379,18617.75,18809.75,18601.75,391
2024-01-10,18769.5,18950.75,18742.75,18938.75,1380,18776.75,18924.25,18742.75,391
2024-01-11,18938.75,18998.25,18694.25,18887.75,1380,18924.0,18984.75,18694.25,391
2024-01-12,18887.75,18983.75,18807.75,18896.5,1021,18943.25,18983.75,18854.75,391
2024-01-14,18903.0,18931.0,18880.0,18930.0,359,,,,0
2024-01-15,18929.5,18965.5,18823.0,18836.0,1140,18900.25,18920.25,18877.5,211
2024-01-16,18836.0,18975.0,18753.0,18861.75,1380,18849.5,18975.0,18796.25,391
2024-01-17,18862.0,18863.25,18630.5,18788.0,1380,18757.75,18826.25,18630.5,391
2024-01-18,18788.5,19119.75,18784.25,19109.25,1380,18939.5,19067.0,18883.75,391
2024-01-19,19109.75,19412.5,19089.0,19404.0,1021,19147.25,19389.25,19107.5,391
2024-01-21,19407.25,19510.25,19407.25,19492.25,359,,,,0
2024-01-22,19492.75,19526.25,19375.25,19415.5,1380,19465.0,19526.25,19375.25,391
2024-01-23,19415.0,19538.5,19350.75,19535.0,1380,19433.0,19480.25,19350.75,391
2024-01-24,19534.5,19734.75,19511.0,19552.0,1380,19624.25,19734.75,19545.25,391
2024-01-25,19551.5,19693.25,19424.75,19431.75,1380,19666.0,19693.25,19483.25,391
2024-01-26,19431.75,19573.25,19407.25,19446.0,1021,19497.25,19573.25,19444.75,391
2024-01-28,19443.25,19488.5,19398.75,19471.75,359,,,,0
2024-01-29,19472.0,19677.0,19461.0,19654.75,1380,19482.25,19657.5,19461.0,391
2024-01-30,19654.75,19670.0,19351.25,19389.75,1379,19599.0,19626.0,19489.5,391
2024-01-31,19389.5,19425.25,19162.75,19259.25,1380,19336.75,19425.25,19171.75,391
2024-02-01,19259.5,19588.0,19204.0,19547.0,1380,19245.5,19394.5,19205.25,391
2024-02-02,19547.75,19716.75,19406.75,19628.25,1012,19441.75,19716.75,19406.75,391
2024-02-04,19637.25,19669.5,19605.25,19625.25,359,,,,0
2024-02-05,19625.0,19686.75,19495.5,19678.75,1380,19662.0,19686.75,19495.5,391
2024-02-06,19679.25,19710.25,19502.0,19600.5,1380,19682.25,19709.0,19502.0,391
2024-02-07,19600.25,19816.75,19571.0,19792.25,1380,19715.25,19816.75,19660.0,391
2024-02-08,19792.0,19837.75,19733.5,19805.75,1379,19770.5,19837.75,19749.25,391
2024-02-09,19805.5,20012.25,19801.25,19979.5,1021,19850.5,20012.25,19816.25,391
2024-02-11,19981.25,19985.0,19944.25,19961.25,355,,,,0
2024-02-12,19961.25,20062.75,19852.5,19872.75,1377,19970.0,20062.75,19877.5,391
2024-02-13,19872.5,19904.5,19483.25,19626.75,1380,19561.5,19733.0,19483.25,391
2024-02-14,19626.5,19828.25,19623.75,19817.5,1380,19731.5,19828.25,19631.5,391
2024-02-15,19817.0,19909.5,19721.75,19881.25,1380,19824.0,19874.25,19721.75,391
2024-02-16,19880.75,19967.25,19656.25,19662.75,1021,19870.25,19874.75,19658.25,391
2024-02-18,19670.5,19744.75,19667.5,19720.25,359,,,,0
2024-02-19,19720.25,19748.75,19608.5,19622.75,1140,19728.0,19748.75,19713.75,211
2024-02-20,19623.0,19666.0,19393.75,19496.0,1380,19598.25,19665.25,19393.75,391
2024-02-21,19495.5,19743.25,19314.0,19738.5,1380,19437.5,19483.75,19314.0,391
2024-02-22,19738.75,20028.25,19724.5,19990.25,1380,19828.0,20028.25,19805.25,391
2024-02-23,19989.75,20086.0,19887.25,19902.0,1021,20044.75,20086.0,19887.25,391
2024-02-25,19902.75,19929.5,19863.25,19890.75,359,,,,0
2024-02-26,19891.0,20000.75,19870.25,19896.5,1380,19949.75,20000.75,19907.25,391
2024-02-27,19896.0,19981.5,19850.0,19942.25,1380,19961.0,19973.75,19850.0,391
2024-02-28,19942.5,19949.25,19787.5,19867.25,1380,19869.5,19916.25,19817.25,391
2024-02-29,19867.0,20073.25,19767.25,20060.75,1380,19972.0,20050.75,19839.5,391
2024-03-01,20060.5,20314.0,19970.75,20262.25,1021,20034.25,20314.0,20033.75,391
2024-03-03,20277.25,20306.75,20267.75,20289.5,359,,,,0
2024-03-04,20289.5,20319.0,20126.75,20150.0,1380,20264.75,20287.75,20193.5,391
2024-03-05,20149.75,20150.25,19773.75,19922.0,1380,20072.75,20078.5,19773.75,391
2024-03-06,19921.75,20115.5,19873.5,19914.75,1380,20042.0,20115.5,19904.75,391
2024-03-07,19915.0,20301.25,19857.0,20224.25,1380,20115.75,20301.25,20060.0,391
2024-03-08,20224.0,20377.75,19953.75,19997.25,1021,20260.0,20377.75,19953.75,391
2024-03-10,19995.25,20003.5,19915.5,19933.5,359,,,,0
2024-03-11,19933.25,20005.75,19831.75,19992.5,1380,19915.75,19965.0,19831.75,391
2024-03-12,19992.5,20184.75,19867.75,20150.0,1380,20002.5,20184.75,19867.75,391
2024-03-13,20150.25,20200.5,19975.5,20065.25,1380,20123.0,20128.75,19975.5,391
2024-03-14,20065.25,20122.0,19855.0,19939.5,1380,20063.75,20091.75,19855.0,391
2024-03-15,19939.0,20016.5,19700.0,19757.25,1021,19834.0,19868.25,19700.0,391
2024-03-17,19767.25,19820.75,19756.0,19817.25,359,,,,0
2024-03-18,19817.75,20074.75,19816.25,19874.0,1380,19966.0,20074.75,19912.75,391
2024-03-19,19873.75,19983.0,19747.0,19939.0,1380,19840.0,19983.0,19747.0,391
2024-03-20,19938.5,20290.25,19927.75,20285.5,1380,20005.25,20191.5,19938.5,391
2024-03-21,20284.75,20402.75,20225.75,20246.5,1380,20386.5,20402.75,20246.25,391
2024-03-22,20246.5,20319.75,20185.75,20257.5,1021,20232.25,20319.75,20193.75,391
2024-03-24,20260.75,20295.0,20246.5,20270.0,359,,,,0
2024-03-25,20270.0,20270.25,20108.5,20217.5,1380,20158.0,20265.5,20108.5,391
2024-03-26,20217.25,20312.75,20133.0,20190.0,1380,20262.25,20302.25,20133.0,391
2024-03-27,20190.0,20265.5,20072.25,20187.25,1379,20261.25,20265.5,20072.25,391
2024-03-28,20187.5,20232.5,20141.25,20158.75,1021,20197.25,20232.5,20142.5,391
2024-03-31,20196.75,20305.75,20194.25,20278.0,359,,,,0
2024-04-01,20277.75,20300.75,20108.25,20173.25,1380,20192.5,20300.75,20108.25,391
2024-04-02,20172.75,20204.75,19895.25,20004.5,1380,19976.0,20040.75,19895.25,391
2024-04-03,20004.75,20178.75,19926.25,20146.25,1380,19929.75,20145.5,19928.75,391
2024-04-04,20146.5,20261.75,19747.0,19804.5,1380,20232.75,20261.75,19763.0,391
2024-04-05,19804.5,20102.0,19745.25,20004.75,1021,19835.25,20102.0,19796.25,391
2024-04-07,20042.0,20066.0,19964.0,19977.75,359,,,,0
2024-04-08,19978.25,20069.75,19931.25,19996.75,1380,20031.75,20069.75,19931.25,391
2024-04-09,19996.75,20101.0,19854.5,20072.25,1380,20081.5,20098.75,19854.5,391
2024-04-10,20072.25,20168.0,19747.25,19893.0,1379,19823.75,19927.75,19801.5,391
2024-04-11,19893.5,20212.5,19781.75,20183.5,1380,19955.0,20212.5,19863.25,391
2024-04-12,20183.5,20201.5,19814.0,19866.25,1020,19983.25,20037.0,19814.0,391
2024-04-14,19844.75,19948.75,19840.5,19927.0,359,,,,0
2024-04-15,19927.0,20044.5,19489.5,19537.75,1380,20033.5,20039.25,19535.25,391
2024-04-16,19538.0,19681.75,19485.75,19623.0,1380,19569.25,19681.75,19511.75,391
2024-04-17,19623.0,19662.25,19309.0,19423.25,1380,19647.5,19654.25,19309.0,391
2024-04-18,19423.25,19464.5,18875.5,19031.75,1380,19366.75,19439.75,19215.25,391
2024-04-19,19032.0,19247.0,18807.0,18873.0,1021,19189.0,19210.75,18807.0,391
2024-04-21,18922.0,18966.75,18889.5,18935.25,359,,,,0
2024-04-22,18934.25,19141.75,18842.25,19026.75,1380,18986.0,19141.75,18842.25,391
2024-04-23,19026.75,19439.0,19011.25,19426.0,1380,19128.25,19351.0,19107.5,391
2024-04-24,19426.25,19489.25,19131.25,19153.25,1380,19422.25,19489.25,19261.0,391
2024-04-25,19153.0,19521.25,19002.0,19462.75,1380,19047.25,19298.75,19002.0,391
2024-04-26,19463.75,19595.25,19362.0,19530.5,1021,19381.25,19595.25,19362.0,391
2024-04-28,19558.5,19606.75,19547.0,19594.75,359,,,,0
2024-04-29,19594.75,19642.75,19485.0,19605.0,1380,19607.25,19642.75,19485.0,391
2024-04-30,19605.25,19605.5,19147.5,19220.25,1380,19530.75,19589.0,19257.25,391
2024-05-01,19220.0,19487.0,19093.0,19243.5,1380,19197.75,19487.0,19093.0,391
2024-05-02,19243.0,19502.0,19080.0,19457.25,1379,19274.25,19379.25,19080.0,391
2024-05-03,19457.5,19744.0,19413.25,19719.25,1021,19641.25,19744.0,19587.5,391
2024-05-05,19741.25,19757.5,19688.75,19699.25,359,,,,0
2024-05-06,19699.25,19895.0,19677.5,19881.0,1380,19761.25,19892.0,19736.5,391
2024-05-07,19882.0,19960.0,19844.75,19888.75,1378,19901.75,19960.0,19860.25,391
2024-05-08,19889.25,19936.0,19766.25,19852.5,1378,19786.25,19936.0,19772.25,391
2024-05-09,19852.0,19938.5,19797.5,19910.25,1379,19881.0,19933.0,19802.5,391
2024-05-10,19910.25,20041.75,19882.25,19933.0,1021,19966.5,20041.75,19882.25,391
2024-05-12,19931.75,19973.25,19922.5,19972.25,359,,,,0
2024-05-13,19972.25,20030.0,19928.75,19960.25,1380,20023.0,20030.0,19928.75,391
2024-05-14,19960.5,20132.0,19859.25,20118.25,1380,19969.5,20126.75,19959.25,391
2024-05-15,20117.75,20432.5,20086.75,20426.0,1380,20202.25,20400.75,20140.5,391
2024-05-16,20426.0,20454.5,20327.0,20343.25,1379,20377.75,20454.5,20337.5,391
2024-05-17,20343.5,20380.5,20238.75,20327.5,1021,20358.0,20370.75,20238.75,391
2024-05-19,20327.25,20373.0,20326.75,20363.75,359,,,,0
2024-05-20,20363.5,20488.25,20329.0,20445.25,1378,20333.75,20488.25,20329.0,391
2024-05-21,20444.75,20517.75,20371.75,20503.75,1380,20377.5,20502.5,20371.75,391
2024-05-22,20504.0,20659.5,20378.0,20655.5,1380,20495.5,20532.5,20378.0,391
2024-05-23,20655.0,20717.0,20315.25,20405.75,1380,20670.75,20676.5,20315.25,391
2024-05-24,20405.5,20619.75,20376.5,20564.5,1021,20454.75,20619.75,20426.25,391
2024-05-26,20568.5,20580.25,20527.25,20545.5,359,,,,0
2024-05-27,20544.75,20649.75,20542.0,20621.0,1140,20573.25,20649.75,20569.75,211
2024-05-28,20620.75,20674.25,20513.25,20580.25,1380,20614.0,20639.25,20513.25,391
2024-05-29,20580.75,20594.25,20370.5,20380.5,1380,20453.25,20573.5,20451.5,391
2024-05-30,20380.0,20480.75,20196.25,20256.25,1380,20460.25,20463.25,20240.0,391
2024-05-31,20256.25,20362.0,19935.0,20264.5,1021,20295.75,20325.25,19935.0,391
2024-06-02,20284.0,20347.25,20233.0,20335.0,359,,,,0
2024-06-03,20335.75,20449.25,20129.5,20347.75,1380,20403.5,20449.25,20129.5,391
2024-06-04,20347.75,20459.75,20205.0,20450.25,1380,20328.75,20447.0,20261.5,391
2024-06-05,20450.25,20805.0,20396.75,20792.75,1380,20539.25,20773.25,20493.75,391
2024-06-06,20792.75,20818.25,20711.0,20775.25,1379,20798.5,20809.5,20711.0,391
2024-06-07,20776.0,20848.75,20633.75,20724.0,1021,20738.5,20848.75,20686.25,391
2024-06-09,20718.75,20753.5,20702.75,20736.5,359,,,,0
2024-06-10,20736.75,20823.5,20668.0,20784.75,1379,20684.0,20823.5,20671.5,391
2024-06-11,20784.0,20963.5,20688.25,20959.5,1380,20748.5,20941.25,20688.25,391
2024-06-12,20959.75,21331.75,20934.0,21330.5,1380,21099.5,21282.5,21068.5,391
2024-06-13,21331.0,21384.75,21193.75,21334.5,1380,21328.0,21357.25,21193.75,391
2024-06-14,21334.5,21393.25,21195.25,21390.0,1021,21264.25,21386.25,21251.0,391
2024-06-16,21387.75,21419.25,21363.25,21393.25,357,,,,0
2024-06-17,21393.25,21704.25,21337.0,21617.25,1380,21386.5,21704.25,21337.0,391
2024-06-18,21617.25,21703.5,21560.0,21653.0,1380,21637.75,21662.5,21560.0,391
2024-06-19,21652.75,21725.25,21646.75,21723.25,1140,21674.75,21685.5,21656.5,211
2024-06-20,21723.5,21804.0,21391.25,21487.5,1380,21680.75,21696.25,21391.25,391
2024-06-21,21487.5,21519.0,21347.25,21442.75,1021,21462.0,21505.75,21347.25,391
2024-06-23,21442.0,21463.25,21351.5,21395.5,356,,,,0
2024-06-24,21396.0,21463.0,21161.0,21227.75,1380,21351.75,21428.5,21173.5,391
2024-06-25,21228.0,21441.5,21159.0,21423.25,1380,21260.25,21414.25,21225.25,391
2024-06-26,21423.5,21503.5,21307.25,21346.0,1380,21359.75,21461.0,21345.0,391
2024-06-27,21346.25,21573.25,21342.75,21564.5,1380,21427.25,21549.75,21387.0,391
2024-06-28,21564.5,21706.25,21339.25,21399.5,1021,21500.5,21706.25,21339.25,391
2024-06-30,21403.0,21438.0,21364.5,21429.0,359,,,,0
2024-07-01,21429.25,21507.0,21244.75,21413.5,1380,21399.75,21507.0,21244.75,391
2024-07-02,21413.75,21692.25,21343.0,21669.0,1380,21413.25,21692.25,21409.75,391
2024-07-03,21668.25,21868.25,21638.0,21836.75,1153,21655.5,21868.25,21648.75,226
2024-07-04,21836.75,21852.0,21794.0,21847.75,1138,21838.75,21839.25,21802.75,211
2024-07-05,21848.0,22072.5,21806.0,22024.5,1021,21871.75,22072.5,21861.25,391
2024-07-07,22024.5,22051.0,22012.25,22031.0,359,,,,0
2024-07-08,22031.0,22181.75,22016.0,22167.25,1379,22067.5,22121.0,22021.0,391
2024-07-09,22167.0,22204.75,22048.75,22142.5,1380,22154.25,22204.75,22048.75,391
2024-07-10,22143.0,22349.75,22129.25,22315.25,1380,22192.5,22349.75,22136.0,391
2024-07-11,22315.25,22416.75,21810.25,21854.5,1380,22328.75,22335.25,21810.25,391
2024-07-12,21854.75,22174.0,21768.0,21973.0,1021,21871.75,22174.0,21858.25,391
2024-07-14,22013.0,22023.0,21941.0,22007.25,359,,,,0
2024-07-15,22007.25,22230.0,21939.25,22084.0,1380,22043.0,22230.0,21939.25,391
2024-07-16,22084.25,22117.5,21897.5,21967.75,1380,22078.5,22117.5,21897.5,391
2024-07-17,21967.75,21971.0,21398.75,21483.75,1380,21693.25,21714.5,21420.75,391
2024-07-18,21483.75,21595.5,21191.75,21386.75,1380,21573.5,21582.25,21191.75,391
2024-07-19,21387.25,21412.75,21087.0,21134.5,1011,21313.25,21409.5,21087.0,381
2024-07-21,21182.0,21275.0,21151.75,21211.75,359,,,,0
2024-07-22,21209.5,21477.75,21173.75,21366.5,1380,21380.25,21477.75,21242.75,391
2024-07-23,21366.75,21517.75,21219.25,21229.75,1380,21390.0,21517.75,21337.0,391
2024-07-24,21230.25,21234.0,20601.75,20705.0,1380,21076.0,21086.75,20601.75,391
2024-07-25,20704.0,20823.5,20316.25,20505.0,1375,20654.5,20823.5,20316.25,386
2024-07-26,20504.75,20730.75,20473.25,20608.75,1021,20593.25,20730.75,20473.25,391
2024-07-28,20604.75,20763.0,20600.75,20738.25,359,,,,0
2024-07-29,20737.0,20810.25,20509.0,20562.5,1378,20713.75,20810.25,20546.25,391
2024-07-30,20563.0,20752.75,20158.0,20552.75,1380,20721.5,20752.75,20236.0,391
2024-07-31,20552.5,21150.0,20528.0,21114.75,1380,20806.5,21006.25,20743.75,391
2024-08-01,21115.0,21125.75,20119.0,20223.0,1380,20957.5,21115.0,20301.25,391
2024-08-02,20221.5,20235.75,19818.75,19946.25,1013,20089.5,20194.0,19818.75,383
2024-08-04,19823.0,19823.0,19455.5,19463.25,359,,,,0
2024-08-05,19463.0,19870.0,18784.0,19823.0,1378,19039.75,19722.0,18942.25,389
2024-08-06,19820.5,19916.25,19399.0,19827.25,1380,19530.25,19916.25,19399.0,391
2024-08-07,19824.0,19991.5,19174.75,19435.75,1380,19890.75,19991.5,19384.75,391
2024-08-08,19437.25,20050.0,19312.0,19994.75,1380,19664.0,19988.25,19497.25,391
2024-08-09,19997.25,20107.5,19816.0,20035.5,1021,19880.25,20107.5,19837.5,391
2024-08-11,20023.0,20100.0,19948.0,20064.75,359,,,,0
2024-08-12,20066.0,20198.25,19956.5,20103.25,1380,20072.0,20198.25,19956.5,391
2024-08-13,20103.5,20586.25,20080.5,20541.0,1380,20258.5,20545.5,20249.25,391
2024-08-14,20540.75,20657.75,20358.5,20647.5,1380,20559.0,20636.5,20358.5,391
2024-08-15,20647.5,21077.5,20537.75,21070.25,1380,20781.5,21036.25,20769.25,391
2024-08-16,21070.5,21116.0,20880.5,21037.0,1021,20933.5,21093.75,20895.5,391
2024-08-18,21062.0,21121.0,21047.5,21079.0,358,,,,0
2024-08-19,21079.75,21347.5,20958.25,21308.25,1380,21038.25,21294.25,20962.0,391
2024-08-20,21308.75,21364.0,21176.0,21265.25,1379,21251.25,21358.0,21176.0,391
2024-08-21,21265.75,21414.75,21204.5,21313.0,1380,21276.75,21414.75,21204.5,391
2024-08-22,21313.5,21458.25,20975.0,21099.5,1380,21427.5,21458.25,20975.0,391
2024-08-23,21099.5,21337.25,21024.75,21209.75,1021,21182.0,21337.25,21024.75,391
2024-08-25,21220.75,21265.5,21149.25,21194.75,359,,,,0
2024-08-26,21195.5,21279.25,20938.5,21028.25,1379,21203.5,21234.5,20938.5,391
2024-08-27,21028.25,21127.25,20874.5,21051.25,1380,20945.5,21127.25,20874.5,391
2024-08-28,21051.5,21124.0,20573.25,20706.0,1380,21052.0,21089.5,20711.5,391
2024-08-29,20706.0,21126.5,20705.75,20886.25,1380,20926.5,21126.5,20770.0,391
2024-08-30,20886.75,21065.75,20803.5,21027.5,1021,20994.25,21065.75,20803.5,391
2024-09-01,21032.0,21061.0,21002.0,21023.25,359,,,,0
2024-09-02,21023.5,21116.0,20944.0,20989.0,1140,21050.0,21103.25,21020.5,211
2024-09-03,20987.5,21077.75,20258.75,20312.75,1379,20909.0,20916.25,20344.0,391
2024-09-04,20314.75,20547.75,20263.25,20338.25,1380,20307.5,20547.75,20271.25,391
2024-09-05,20339.5,20583.5,20224.0,20308.5,1380,20319.75,20583.5,20275.0,391
2024-09-06,20309.75,20405.25,19772.75,19810.5,1021,20360.5,20400.25,19863.25,391
2024-09-08,19833.0,19975.0,19819.0,19969.0,359,,,,0
2024-09-09,19969.75,20174.0,19930.25,20084.75,1380,20059.25,20163.0,19930.25,391
2024-09-10,20084.25,20311.5,20015.25,20183.5,1380,20192.75,20311.5,20022.75,391
2024-09-11,20184.75,20743.5,19980.0,20741.5,1380,20336.75,20726.5,19980.0,391
2024-09-12,20740.75,20916.5,20618.0,20883.25,1380,20695.5,20916.5,20618.0,391
2024-09-13,20884.25,21010.25,20831.25,20936.5,1020,20861.75,21010.25,20831.25,391
2024-09-15,20931.0,20982.0,20912.5,20964.25,356,,,,0
2024-09-16,20964.25,20979.5,20727.0,20845.25,1375,20864.25,20895.5,20727.0,391
2024-09-17,20844.25,21048.25,20772.5,20885.25,1379,20986.5,21048.25,20772.5,391
2024-09-18,20885.5,21098.0,20756.0,21056.75,1380,20931.0,21098.0,20756.0,391
2024-09-19,21056.75,21399.75,21040.75,21248.75,1377,21246.75,21399.75,21162.0,388
2024-09-20,21249.5,21282.0,21058.0,21213.5,1021,21235.5,21282.0,21058.0,391
2024-09-22,21238.0,21362.0,21194.25,21343.25,359,,,,0
2024-09-23,21342.25,21355.75,21153.25,21248.0,1380,21276.0,21324.75,21216.75,391
2024-09-24,21248.0,21412.75,21151.0,21323.0,1380,21338.0,21412.75,21151.0,391
2024-09-25,21323.25,21568.5,21262.25,21560.0,1380,21343.0,21469.0,21333.5,391
2024-09-26,21560.0,21736.0,21386.0,21517.75,1380,21705.75,21715.5,21386.0,391
2024-09-27,21518.5,21593.75,21371.0,21391.0,1021,21577.25,21581.0,21371.0,391
2024-09-29,21396.5,21485.0,21351.5,21418.25,359,,,,0
2024-09-30,21418.25,21529.75,21254.0,21483.5,1380,21377.0,21484.75,21254.0,391
2024-10-01,21483.25,21522.75,21016.0,21181.0,1380,21449.0,21464.0,21016.0,391
2024-10-02,21181.0,21288.25,21031.5,21145.5,1380,21136.0,21288.25,21031.5,391
2024-10-03,21145.5,21311.75,21050.0,21209.75,1380,21102.25,21311.75,21077.0,391
2024-10-04,21210.0,21461.75,21169.75,21400.25,1021,21427.0,21443.5,21211.25,391
2024-10-06,21418.0,21465.25,21399.25,21417.75,359,,,,0
2024-10-07,21417.25,21432.25,21100.5,21175.75,1380,21329.75,21385.25,21146.0,391
2024-10-08,21176.75,21527.5,21140.5,21433.5,1380,21291.5,21527.5,21267.75,391
2024-10-09,21433.0,21680.75,21394.0,21670.25,1380,21484.75,21680.75,21436.5,391
2024-10-10,21670.0,21706.25,21499.5,21655.75,1380,21556.5,21706.25,21499.5,391
2024-10-11,21655.25,21692.25,21512.75,21611.25,1021,21543.0,21692.25,21512.75,391
2024-10-13,21630.5,21648.75,21581.25,21606.75,359,,,,0
2024-10-14,21606.75,21878.0,21601.25,21831.0,1380,21748.5,21878.0,21723.0,391
2024-10-15,21831.5,21857.25,21452.0,21587.75,1380,21831.5,21857.25,21452.0,391
2024-10-16,21588.0,21596.5,21404.25,21493.5,1379,21556.25,21577.25,21404.25,391
2024-10-17,21494.0,21792.75,21486.0,21560.0,1380,21772.5,21779.25,21551.75,391
2024-10-18,21560.25,21727.75,21556.75,21682.25,1021,21694.75,21727.75,21631.0,391
2024-10-20,21694.25,21724.0,21673.75,21677.5,359,,,,0
2024-10-21,21676.75,21752.5,21541.75,21664.75,1380,21617.25,21752.5,21543.0,391
2024-10-22,21665.0,21800.25,21558.25,21711.5,1379,21591.25,21800.25,21567.5,391
2024-10-23,21711.0,21740.5,21277.0,21518.25,1380,21632.25,21660.75,21277.0,391
2024-10-24,21518.75,21626.5,21459.75,21571.5,1380,21568.0,21606.5,21459.75,391
2024-10-25,21570.75,21905.25,21562.75,21674.0,1021,21691.25,21905.25,21658.0,391
2024-10-27,21723.5,21847.0,21723.25,21812.0,359,,,,0
2024-10-28,21812.5,21874.5,21654.0,21660.0,1380,21819.75,21827.5,21684.0,391
2024-10-29,21658.0,21986.5,21630.25,21927.0,1380,21708.0,21944.5,21630.25,391
2024-10-30,21926.5,21963.0,21599.0,21618.5,1380,21850.75,21897.5,21712.75,391
2024-10-31,21619.0,21622.75,21206.5,21284.5,1380,21574.0,21575.5,21207.25,391
2024-11-01,21284.5,21486.0,21253.25,21368.25,1021,21277.25,21486.0,21255.5,391
2024-11-03,21336.0,21446.5,21268.5,21430.5,359,,,,0
2024-11-04,21430.5,21445.75,21211.0,21281.75,1380,21315.75,21424.75,21211.0,391
2024-11-05,21282.25,21838.5,21282.25,21798.5,1380,21351.0,21570.75,21343.75,391
2024-11-06,21798.5,22133.25,21655.75,22118.0,1380,21873.25,22129.0,21842.0,391
2024-11-07,22118.25,22451.0,22106.25,22424.0,1380,22204.75,22451.0,22200.25,391
2024-11-08,22423.75,22463.0,22319.75,22424.75,1021,22383.25,22463.0,22359.25,391
2024-11-10,22447.75,22518.0,22447.0,22485.5,359,,,,0
2024-11-11,22485.5,22538.75,22296.25,22421.5,1380,22482.0,22490.75,22296.25,391
2024-11-12,22421.25,22449.75,22252.75,22339.0,1380,22410.75,22449.75,22252.75,391
2024-11-13,22338.75,22466.5,22254.5,22338.25,1380,22356.5,22466.5,22254.5,391
2024-11-14,22338.25,22388.25,22082.25,22115.75,1380,22330.0,22372.75,22169.25,391
2024-11-15,22115.75,22127.0,21603.25,21701.25,1021,21966.0,21973.75,21603.25,391
2024-11-17,21702.0,21855.0,21674.0,21847.5,359,,,,0
2024-11-18,21848.0,21922.25,21679.5,21878.25,1380,21766.75,21922.25,21699.0,391
2024-11-19,21878.5,22032.25,21580.5,21998.5,1380,21713.25,21990.5,21706.0,391
2024-11-20,21998.5,22041.25,21675.0,21876.25,1380,21950.25,21962.5,21675.0,391
2024-11-21,21876.5,22103.75,21712.25,22006.75,1380,22071.75,22103.75,21712.25,391
2024-11-22,22007.75,22078.0,21891.25,22076.75,1021,21987.75,22078.0,21920.25,391
2024-11-24,22133.0,22168.5,22126.5,22164.25,359,,,,0
2024-11-25,22164.5,22279.0,21953.0,22096.0,1379,22214.25,22279.0,21978.25,391
2024-11-26,22096.75,22222.75,22050.0,22162.5,1380,22130.5,22222.75,22101.75,391
2024-11-27,22162.75,22188.0,21873.0,22054.0,1380,22131.75,22137.5,21873.0,391
2024-11-28,22054.0,22135.75,22020.75,22129.75,1140,22072.5,22107.5,22071.75,211
2024-11-29,22130.0,22215.5,22003.5,22189.25,796,22025.5,22215.5,22003.5,226
2024-12-01,22193.25,22202.0,22139.75,22155.5,359,,,,0
2024-12-02,22154.75,22457.75,22138.0,22423.75,1380,22231.5,22457.75,22224.5,391
2024-12-03,22423.75,22552.5,22332.25,22550.0,1379,22355.25,22487.75,22332.25,391
2024-12-04,22550.25,22746.5,22535.75,22707.0,1380,22627.75,22746.5,22586.25,391
2024-12-05,22707.75,22765.25,22622.75,22671.0,1380,22732.5,22765.25,22657.0,391
2024-12-06,22670.75,22867.25,22638.25,22832.0,1021,22698.75,22867.25,22684.0,391
2024-12-08,22847.0,22868.75,22824.75,22835.75,359,,,,0
2024-12-09,22836.0,22904.25,22634.0,22666.5,1380,22816.25,22846.75,22634.0,391
2024-12-10,22666.0,22804.75,22550.75,22629.25,1380,22732.0,22804.75,22550.75,391
2024-12-11,22628.5,23018.0,22603.75,22959.5,1380,22781.75,23018.0,22771.0,391
2024-12-12,22959.5,22970.5,22802.25,22915.75,1379,22893.25,22943.0,22822.75,391
2024-12-13,22916.25,23106.0,22864.5,22958.5,1021,22988.0,23106.0,22864.5,391
2024-12-15,22974.0,23022.75,22962.5,23003.25,357,,,,0
2024-12-16,23003.0,23362.0,22988.0,23327.25,1376,23096.5,23362.0,23096.5,391
2024-12-17,23328.0,23337.5,23118.0,23247.5,1379,23245.25,23298.0,23156.25,391
2024-12-18,23247.5,23299.75,22223.0,22397.5,1380,23191.0,23263.75,22342.0,391
2024-12-19,22397.25,22609.75,22116.0,22157.25,1380,22591.0,22609.75,22275.0,391
2024-12-20,22157.5,22724.25,21918.5,22464.5,1021,22122.75,22724.25,22072.5,391
2024-12-22,22478.0,22620.75,22477.75,22617.5,359,,,,0
2024-12-23,22617.25,22688.75,22388.75,22663.5,1380,22527.5,22688.75,22388.75,391
2024-12-24,22663.25,22961.75,22650.25,22958.5,796,22734.25,22961.75,22711.25,226
2024-12-25,22961.5,23023.25,22955.25,23000.0,359,,,,0
2024-12-26,23000.75,23010.0,22782.25,22857.5,1379,22868.5,22988.25,22782.25,391
2024-12-27,22856.75,22878.0,22410.75,22631.75,1021,22758.5,22775.0,22410.75,391
2024-12-29,22623.0,22654.75,22582.5,22600.5,359,,,,0
2024-12-30,22599.5,22602.75,22165.0,22321.0,1380,22321.25,22483.0,22165.0,391
2024-12-31,22321.75,22436.75,22094.0,22146.25,1021,22376.75,22400.5,22094.0,391
2025-01-01,22181.0,22251.75,22033.75,22236.5,359,,,,0
2025-01-02,22236.25,22402.5,21895.75,22138.0,1379,22264.25,22356.0,21895.75,391
2025-01-03,22138.0,22471.25,22119.5,22405.0,1021,22208.0,22471.25,22173.5,391
2025-01-05,22444.25,22456.75,22390.25,22435.25,359,,,,0
2025-01-06,22435.0,22808.75,22432.5,22636.0,1380,22638.25,22808.75,22559.75,391
2025-01-07,22637.5,22718.0,22191.5,22306.75,1380,22704.5,22718.0,22191.5,391
2025-01-08,22306.5,22360.25,22078.25,22222.5,1380,22272.25,22343.75,22078.25,391
2025-01-09,22221.25,22246.5,22091.5,22213.25,930,22214.25,22216.75,22207.5,1
2025-01-10,22213.75,22284.5,21786.75,21909.75,1021,22100.0,22109.25,21786.75,391
2025-01-12,21939.5,21949.0,21770.5,21810.75,359,,,,0
2025-01-13,21811.75,22000.5,21606.0,21956.0,1380,21681.25,21876.5,21614.0,391
2025-01-14,21956.25,22055.75,21685.5,21855.5,1380,21992.75,22041.75,21685.5,391
2025-01-15,21856.0,22364.75,21821.0,22300.75,1380,22163.0,22364.75,22098.75,391
2025-01-16,22301.75,22479.25,22084.25,22201.0,1380,22402.25,22411.25,22155.5,391
2025-01-17,22201.0,22594.5,22163.75,22501.0,1021,22568.5,22584.0,22393.25,391
2025-01-19,22512.0,22530.0,22438.5,22477.0,359,,,,0
2025-01-20,22477.75,22690.75,22289.75,22519.25,1140,22634.0,22690.75,22532.0,211
2025-01-21,22519.0,22788.75,22437.75,22780.75,1380,22613.25,22684.0,22437.75,391
2025-01-22,22780.25,23005.5,22751.5,22876.0,1380,22824.25,23005.5,22814.5,391
2025-01-23,22876.5,22970.5,22775.0,22909.25,1362,22794.0,22955.75,22778.0,391
2025-01-24,22909.25,22990.25,22756.0,22819.75,1021,22957.5,22990.25,22756.0,391
2025-01-26,22683.0,22683.0,22385.5,22411.0,359,,,,0
2025-01-27,22411.0,22418.75,21675.75,22216.25,1380,22030.25,22330.5,22007.0,391
2025-01-28,22216.0,22538.0,22071.5,22508.5,1380,22210.0,22538.0,22071.5,391
2025-01-29,22508.75,22609.0,22279.0,22572.0,1380,22518.75,22519.0,22279.0,391
2025-01-30,22572.5,22699.75,22331.5,22638.75,1380,22573.0,22660.75,22331.5,391
2025-01-31,22638.75,22878.0,22445.75,22483.0,1021,22687.75,22878.0,22447.75,391
2025-02-02,22112.0,22112.0,21855.0,21931.75,359,,,,0
2025-02-03,21931.75,22512.0,21910.25,22366.5,1380,22113.0,22431.75,22025.25,391
2025-02-04,22365.5,22606.0,22154.5,22474.25,1380,22340.5,22606.0,22317.25,391
2025-02-05,22473.75,22718.25,22341.75,22717.25,1380,22465.75,22681.0,22413.0,391
2025-02-06,22717.0,22811.25,22617.75,22769.5,1380,22690.0,22794.25,22623.5,391
2025-02-07,22769.25,22880.0,22464.75,22487.25,1021,22800.5,22880.0,22464.75,391
2025-02-09,22375.25,22614.5,22330.0,22595.25,359,,,,0
2025-02-10,22595.25,22806.0,22595.0,22695.25,1380,22673.0,22806.0,22656.0,391
2025-02-11,22695.5,22783.5,22581.5,22691.75,1380,22614.75,22783.5,22612.75,391
2025-02-12,22692.5,22839.0,22422.75,22819.25,1379,22466.75,22751.0,22448.25,391
2025-02-13,22819.5,23059.0,22665.0,23055.0,1380,22780.25,23036.0,22746.75,391
2025-02-14,23054.5,23137.0,22954.5,23115.5,1021,23029.5,23137.0,23002.0,391
2025-02-16,23147.75,23188.5,23108.25,23187.0,359,,,,0
2025-02-17,23186.75,23193.75,23104.5,23180.25,1140,23152.75,23163.75,23104.5,211
2025-02-18,23180.75,23231.75,23014.75,23178.75,1380,23177.0,23180.0,23014.75,391
2025-02-19,23179.0,23211.75,23030.0,23089.0,1380,23117.25,23211.75,23030.0,391
2025-02-20,23088.75,23137.5,22863.0,23037.25,1380,23125.0,23137.5,22863.0,391
2025-02-21,23038.0,23157.5,22564.75,22572.0,1021,23114.5,23114.75,22574.5,391
2025-02-23,22612.75,22708.25,22588.75,22684.0,359,,,,0
2025-02-24,22684.0,22725.0,22278.5,22335.25,1379,22669.25,22713.75,22320.75,391
2025-02-25,22335.5,22363.75,21902.0,22162.0,1380,22295.0,22313.0,21902.0,391
2025-02-26,22163.25,22321.25,21967.0,22081.25,1380,22152.25,22321.25,21976.5,391
2025-02-27,22082.0,22298.5,21427.5,21524.75,1380,22250.25,22293.0,21509.75,391
2025-02-28,21524.75,21856.25,21372.5,21821.0,1021,21491.0,21856.25,21372.5,391
2025-03-02,21917.25,21948.25,21749.75,21865.75,359,,,,0
2025-03-03,21865.25,22033.0,21228.75,21444.75,1380,21969.25,22033.0,21228.75,391
2025-03-04,21445.75,21644.5,20987.25,21450.75,1380,21243.75,21644.5,20987.25,391
2025-03-05,21450.5,21637.0,21127.0,21551.25,1380,21341.5,21637.0,21127.0,391
2025-03-06,21550.5,21559.5,20915.0,21093.25,1380,21226.75,21425.25,20915.0,391
2025-03-07,21093.75,21198.25,20677.5,21119.25,1021,20947.25,21198.25,20677.5,391
2025-03-09,21059.0,21068.5,20844.25,21035.5,359,,,,0
2025-03-10,21036.5,21064.5,20051.25,20349.25,1380,20791.75,20816.5,20184.25,391
2025-03-11,20348.5,20598.75,20113.0,20365.75,1380,20343.25,20598.75,20113.0,391
2025-03-12,20365.5,20700.75,20299.0,20433.25,1380,20603.75,20689.75,20307.25,391
2025-03-13,20434.0,20543.0,20082.0,20361.75,1380,20483.0,20489.0,20082.0,391
2025-03-14,20361.75,20654.5,20282.0,20579.5,1021,20383.0,20654.5,20348.75,391
2025-03-16,20594.0,20602.0,20465.5,20504.0,359,,,,0
2025-03-17,20504.5,20876.25,20472.75,20650.75,1380,20609.75,20876.25,20541.5,391
2025-03-18,20650.25,20747.0,20312.75,20470.75,1380,20603.5,20609.5,20312.75,391
2025-03-19,20471.25,20851.5,20368.5,20787.75,1380,20493.25,20851.5,20414.75,391
2025-03-20,20788.25,20813.5,20443.75,20590.0,1380,20497.25,20813.5,20464.5,391
2025-03-21,20588.5,20686.0,20310.75,20679.25,1021,20360.75,20682.5,20316.0,391
2025-03-23,20759.0,20847.5,20759.0,20813.5,359,,,,0
2025-03-24,20813.5,21118.0,20804.5,21045.0,1380,20970.75,21118.0,20937.75,391
2025-03-25,21045.5,21245.25,21001.5,21186.25,1378,21108.75,21203.75,21070.25,391
2025-03-26,21187.25,21206.75,20711.75,20844.75,1380,21149.25,21183.5,20753.5,391
2025-03-27,20844.75,20908.0,20639.75,20696.75,1380,20732.25,20908.0,20645.75,391
2025-03-28,20696.5,20717.25,20066.0,20069.5,1021,20611.5,20650.0,20130.0,391
2025-03-30,20028.25,20073.5,19868.5,19901.75,359,,,,0
2025-03-31,19903.5,20198.25,19685.25,20073.5,1380,19876.0,20198.25,19685.25,391
2025-04-01,20074.75,20405.5,19969.75,20278.5,1380,20091.0,20352.5,19969.75,391
2025-04-02,20277.75,20752.75,19527.5,19805.5,1377,20043.75,20598.75,20025.0,391
2025-04-03,19805.5,19885.5,19228.5,19267.5,1380,19620.5,19782.75,19373.25,391
2025-04-04,19268.75,19384.25,18096.0,18191.75,1021,18900.75,18957.25,18237.0,391
2025-04-06,17808.5,17808.5,17168.5,17499.0,359,,,,0
2025-04-07,17497.0,19070.0,17188.5,18477.0,1380,17626.25,19070.0,17382.0,391
2025-04-08,18475.75,19065.75,17548.0,17628.0,1380,18861.75,19065.75,17682.0,391
2025-04-09,17628.0,20095.25,17443.5,19717.75,1380,17902.75,20095.25,17902.75,391
2025-04-10,19718.75,19895.0,18627.5,19183.75,1380,19495.0,19580.0,18627.5,391
2025-04-11,19186.0,19582.0,18978.5,19529.0,1021,19130.25,19582.0,18978.5,391
2025-04-13,19933.5,19958.5,19640.0,19761.0,359,,,,0
2025-04-14,19762.5,19964.5,19446.0,19624.0,1380,19940.5,19963.25,19446.0,391
2025-04-15,19623.5,19853.25,19344.75,19384.5,1380,19682.75,19853.25,19592.75,391
2025-04-16,19384.75,19569.75,18824.75,19245.75,1380,19289.0,19443.5,18824.75,391
2025-04-17,19245.25,19361.25,18970.0,19136.25,1021,19201.25,19234.5,18970.0,391
2025-04-20,19014.75,19092.0,18897.5,18927.75,359,,,,0
2025-04-21,18926.75,18965.25,18408.5,18688.5,1380,18827.75,18873.5,18408.5,391
2025-04-22,18688.0,19511.25,18680.25,19412.75,1380,18856.75,19222.5,18809.0,391
2025-04-23,19413.75,19874.0,19390.25,19464.75,1380,19656.75,19874.0,19438.25,391
2025-04-24,19465.25,20178.25,19303.25,20159.0,1380,19570.5,20046.75,19555.0,391
2025-04-25,20158.25,20297.5,19924.75,20263.25,1021,20005.5,20262.75,19942.25,391
2025-04-27,20233.0,20233.0,20100.75,20111.75,359,,,,0
2025-04-28,20111.25,20339.5,19965.75,20282.0,1380,20261.0,20331.5,19965.75,391
2025-04-29,20280.75,20397.0,20086.5,20234.5,1380,20129.5,20397.0,20112.25,391
2025-04-30,20234.0,20671.75,19812.25,20667.0,1380,20009.25,20424.25,19812.25,391
2025-05-01,20666.75,20834.25,20458.0,20685.75,1380,20679.75,20834.25,20566.25,391
2025-05-02,20686.0,20985.25,20572.5,20913.0,1021,20792.5,20985.25,20728.25,391
2025-05-04,20890.0,20910.25,20700.0,20765.0,359,,,,0
2025-05-05,20764.75,20900.0,20640.75,20696.25,1380,20723.75,20900.0,20693.75,391
2025-05-06,20696.25,20842.25,20447.5,20713.5,1380,20501.25,20734.75,20447.5,391
2025-05-07,20713.0,20878.5,20387.25,20875.0,1380,20603.75,20762.0,20387.25,391
2025-05-08,20874.25,21045.75,20687.5,20896.75,1380,20869.25,21045.75,20687.5,391
2025-05-09,20895.25,20997.25,20766.5,20855.0,1021,20937.25,20988.25,20766.5,391
2025-05-11,21107.0,21255.75,21085.25,21234.5,359,,,,0
2025-05-12,21234.5,21704.5,21229.0,21556.5,1380,21634.25,21662.75,21398.5,391
2025-05-13,21555.75,22055.0,21526.5,21997.25,1380,21704.5,22055.0,21681.25,391
2025-05-14,21997.25,22128.0,21946.75,22088.5,1380,22029.0,22128.0,21982.25,391
2025-05-15,22088.5,22238.25,21900.5,22114.25,1380,22012.0,22238.25,21956.25,391
2025-05-16,22113.25,22220.5,22028.75,22108.75,1021,22189.0,22220.5,22028.75,391
2025-05-18,22019.25,22126.5,21904.5,21920.5,359,,,,0
2025-05-19,21920.75,22270.75,21821.0,22144.75,1380,21904.5,22253.0,21902.5,391
2025-05-20,22145.0,22195.5,22006.5,22090.0,1380,22115.75,22182.75,22006.5,391
2025-05-21,22089.0,22267.0,21781.25,21877.75,1380,21984.0,22267.0,21781.25,391
2025-05-22,21877.0,22046.0,21748.5,21898.75,1380,21874.5,22046.0,21822.25,391
2025-05-23,21899.0,21939.5,21435.5,21661.75,1021,21554.0,21791.5,21531.0,391
2025-05-25,21686.5,21942.0,21662.75,21919.0,359,,,,0
2025-05-26,21919.25,22016.25,21850.0,21858.75,1140,21969.0,22016.25,21924.0,211
2025-05-27,21858.5,22197.0,21853.5,22151.25,1380,21976.75,22197.0,21901.25,391
2025-05-28,22151.25,22542.0,22029.75,22491.75,1380,22204.5,22276.0,22057.5,391
2025-05-29,22491.5,22567.25,21977.0,22052.75,1380,22387.75,22390.25,22009.5,391
2025-05-30,22053.0,22142.0,21780.0,22077.5,1021,22086.0,22142.0,21780.0,391
2025-06-01,22012.25,22057.0,21935.0,21944.75,359,,,,0
2025-06-02,21944.0,22284.75,21871.5,22169.0,1380,21988.75,22252.25,21943.25,391
2025-06-03,22169.25,22468.25,22107.75,22388.5,1380,22252.0,22468.25,22218.25,391
2025-06-04,22388.25,22511.5,22349.5,22458.0,1380,22437.75,22511.5,22349.5,391
2025-06-05,22459.0,22643.5,22179.5,22319.0,1380,22522.0,22643.5,22212.0,391
2025-06-06,22317.25,22582.0,22310.0,22518.0,1021,22502.75,22582.0,22430.5,391
2025-06-08,22507.75,22529.25,22424.5,22453.75,359,,,,0
2025-06-09,22453.25,22681.75,22437.5,22645.5,1380,22512.75,22599.25,22459.25,391
2025-06-10,22646.0,22711.25,22440.5,22616.0,1380,22545.0,22700.75,22451.25,391
2025-06-11,22616.0,22814.5,22462.5,22515.75,1380,22726.75,22774.75,22499.25,391
2025-06-12,22516.25,22685.75,22179.5,22282.25,1380,22536.5,22685.75,22527.0,391
2025-06-13,22280.5,22563.25,22222.0,22360.5,1021,22379.0,22563.25,22308.75,391
2025-06-15,22266.5,22432.0,22220.0,22403.0,359,,,,0
2025-06-16,22403.75,22716.0,22382.25,22572.0,1378,22511.5,22716.0,22506.0,391
2025-06-17,22570.75,22629.0,22356.25,22462.5,1380,22554.0,22629.0,22403.5,391
2025-06-18,22462.0,22591.75,22284.0,22377.5,1380,22492.0,22591.75,22376.25,391
2025-06-19,22376.5,22424.25,22144.25,22393.5,1140,22274.0,22280.75,22144.25,211
2025-06-20,22393.25,22624.5,22259.0,22368.0,1021,22588.0,22624.5,22259.0,391
2025-06-22,22142.25,22281.0,22060.75,22255.0,359,,,,0
2025-06-23,22255.75,22765.5,22232.25,22741.5,1380,22363.75,22587.0,22232.25,391
2025-06-24,22742.0,22942.25,22714.25,22900.5,1380,22783.25,22942.25,22754.0,391
2025-06-25,22900.75,23042.25,22882.5,22989.0,1380,22993.0,23042.25,22882.5,391
2025-06-26,22988.5,23207.5,22970.0,23186.0,1380,23049.75,23188.0,22970.0,391
2025-06-27,23186.0,23319.5,23094.0,23234.25,1021,23202.75,23319.5,23094.0,391
2025-06-29,23245.5,23374.5,23245.5,23367.0,359,,,,0
2025-06-30,23366.75,23428.75,23275.0,23365.5,1380,23368.25,23428.75,23275.0,391
2025-07-01,23365.5,23372.0,23088.5,23233.0,1380,23291.25,23342.25,23088.5,391
2025-07-02,23232.5,23376.0,23076.0,23356.75,1380,23148.75,23348.0,23144.5,391
2025-07-03,23356.5,23596.5,23324.0,23504.0,1154,23429.75,23596.5,23424.25,226
2025-07-04,23504.5,23509.25,23376.0,23400.75,781,23409.25,23439.5,23382.0,211
2025-07-06,23464.0,23522.5,23408.5,23466.75,359,,,,0
2025-07-07,23467.25,23495.75,23273.75,23411.5,1380,23440.75,23471.5,23273.75,391
2025-07-08,23411.75,23466.75,23335.0,23368.25,1378,23430.0,23456.75,23335.0,391
2025-07-09,23368.5,23606.0,23337.5,23491.5,1380,23463.5,23606.0,23413.75,391
2025-07-10,23490.75,23584.0,23325.5,23460.0,1380,23570.5,23584.0,23395.25,391
2025-07-11,23461.0,23515.5,23346.0,23432.0,1021,23401.0,23515.5,23357.0,391
2025-07-13,23354.75,23384.5,23297.0,23368.25,359,,,,0
2025-07-14,23368.25,23667.75,23298.25,23587.75,1380,23428.0,23560.5,23336.25,391
2025-07-15,23587.0,23716.75,23467.75,23512.25,1380,23697.0,23716.75,23544.0,391
2025-07-16,23511.25,23594.0,23329.5,23532.5,1380,23566.0,23594.0,23329.5,391
2025-07-17,23533.0,23782.75,23521.0,23770.25,1380,23596.25,23773.75,23559.75,391
2025-07-18,23768.75,23814.75,23663.5,23722.5,1021,23794.0,23804.0,23663.5,391
2025-07-20,23726.5,23771.25,23697.75,23740.25,359,,,,0
2025-07-21,23739.75,23918.75,23717.75,23823.25,1380,23746.5,23918.75,23743.75,391
2025-07-22,23824.25,23843.75,23602.0,23734.0,1380,23835.5,23843.75,23602.0,391
2025-07-23,23733.75,23916.75,23640.75,23873.5,1380,23756.0,23818.75,23640.75,391
2025-07-24,23874.0,23935.75,23792.25,23923.25,1380,23870.25,23918.5,23792.25,391
2025-07-25,23923.5,23970.0,23824.75,23941.75,1021,23858.25,23970.0,23824.75,391
2025-07-27,24014.0,24060.5,23998.0,24043.25,359,,,,0
2025-07-28,24042.75,24079.25,23930.75,24037.75,1380,23966.0,24023.0,23930.75,391
2025-07-29,24038.0,24146.5,23915.25,23992.0,1379,24092.5,24146.5,23915.25,391
2025-07-30,23992.0,24294.75,23850.5,24292.0,1380,23979.75,24083.5,23850.5,391
2025-07-31,24292.25,24339.0,23725.5,23798.5,1380,24244.75,24246.0,23799.5,391
2025-08-01,23798.25,23819.0,23269.0,23364.0,1021,23556.75,23589.75,23269.0,391
2025-08-03,23344.0,23482.5,23315.75,23480.75,359,,,,0
2025-08-04,23480.75,23868.5,23441.5,23838.0,1380,23582.75,23801.25,23580.25,391
2025-08-05,23839.0,23898.25,23539.5,23660.25,1380,23836.5,23891.25,23607.5,391
2025-08-06,23661.0,24005.25,23601.25,23984.25,1380,23665.0,23939.25,23642.5,391
2025-08-07,23984.5,24165.0,23823.0,24048.25,1380,24089.0,24165.0,23823.0,391
2025-08-08,24048.0,24261.75,23997.0,24259.5,1021,24035.25,24218.0,24024.0,391
2025-08-10,24258.0,24267.0,24195.0,24250.0,359,,,,0
2025-08-11,24249.5,24298.5,24081.5,24151.25,1380,24202.5,24298.5,24081.5,391
2025-08-12,24151.25,24464.0,24090.0,24436.75,1380,24230.75,24444.0,24116.0,391
2025-08-13,24437.0,24562.5,24380.0,24421.75,1380,24537.0,24562.5,24380.0,391
2025-08-14,24421.0,24501.75,24287.25,24421.75,1379,24348.0,24501.75,24335.25,391
2025-08-15,24422.25,24457.0,24228.5,24290.75,1021,24405.75,24415.75,24228.5,391
2025-08-17,24289.0,24375.75,24289.0,24356.0,359,,,,0
2025-08-18,24356.25,24356.75,24213.0,24249.5,1380,24257.5,24318.25,24213.0,391
2025-08-19,24249.75,24298.75,23830.5,23839.75,1380,24254.75,24264.5,23920.0,391
2025-08-20,23839.0,23946.0,23529.0,23838.75,1380,23919.25,23926.0,23529.0,391
2025-08-21,23838.25,23862.25,23613.0,23688.25,1380,23751.0,23842.25,23613.0,391
2025-08-22,23688.75,24144.0,23570.75,24076.75,1020,23755.75,24144.0,23699.5,391
2025-08-24,24096.0,24101.5,24014.5,24042.5,359,,,,0
2025-08-25,24042.5,24110.25,23865.5,23945.75,1380,23992.0,24110.25,23937.25,391
2025-08-26,23946.0,24123.0,23909.25,24107.25,1380,23961.75,24094.0,23921.0,391
2025-08-27,24107.0,24183.0,23928.75,24071.25,1380,24040.5,24151.5,23981.5,391
2025-08-28,24072.0,24297.75,24033.5,24221.75,1380,24127.75,24297.75,24066.5,391
2025-08-29,24222.5,24231.0,23891.5,23948.5,1019,24157.0,24162.0,23891.5,389
2025-08-31,23973.0,24046.5,23925.75,23936.75,359,,,,0
2025-09-01,23936.0,24003.5,23864.5,23933.25,1140,23970.0,24000.75,23935.75,211
2025-09-02,23932.75,23946.0,23519.25,23819.0,1380,23587.75,23784.25,23519.25,391
2025-09-03,23819.75,24026.0,23802.0,23961.75,1380,23926.5,24019.25,23812.25,391
2025-09-04,23962.5,24236.75,23904.0,24236.5,1380,23974.5,24174.25,23904.0,391
2025-09-05,24236.0,24396.0,23999.0,24167.25,1021,24376.5,24396.0,23999.0,391
2025-09-07,24167.5,24285.25,24144.25,24250.5,359,,,,0
2025-09-08,24250.25,24382.0,24218.5,24331.75,1380,24280.25,24382.0,24254.0,391
2025-09-09,24332.0,24415.25,24220.0,24411.0,1380,24326.0,24384.0,24220.0,391
2025-09-10,24411.5,24538.25,24279.0,24407.0,1379,24498.0,24498.5,24279.0,391
2025-09-11,24407.25,24540.0,24332.0,24501.75,1380,24465.75,24540.0,24403.75,391
2025-09-12,24502.25,24653.0,24463.0,24609.25,1021,24536.75,24653.0,24495.5,391
2025-09-14,24609.5,24641.25,24586.0,24617.0,358,,,,0
2025-09-15,24616.25,24846.0,24574.25,24842.75,1376,24675.75,24813.25,24669.25,391
2025-09-16,24842.0,24903.75,24755.75,24774.5,1380,24851.75,24857.0,24755.75,391
2025-09-17,24774.5,24901.5,24498.5,24894.75,1380,24782.75,24807.25,24498.5,391
2025-09-18,24895.0,25072.5,24843.0,24966.75,1380,24931.5,25072.5,24855.25,391
2025-09-19,24966.0,25144.5,24911.5,25117.5,1021,25037.75,25144.5,24964.5,391
2025-09-21,25106.5,25132.5,25083.25,25113.75,359,,,,0
2025-09-22,25113.75,25283.75,25005.25,25260.25,1379,25076.25,25283.75,25070.75,391
2025-09-23,25260.25,25282.5,25037.0,25092.5,1380,25255.0,25266.25,25037.0,391
2025-09-24,25092.5,25170.0,24883.5,25041.5,1380,25139.75,25155.75,24883.5,391
2025-09-25,25042.25,25045.0,24679.0,24850.5,1380,24835.75,24953.25,24679.0,391
2025-09-26,24851.5,25004.0,24776.5,24983.0,1021,24918.75,24993.5,24776.5,391
2025-09-28,24983.0,25074.5,24978.25,25071.75,359,,,,0
2025-09-29,25071.25,25232.0,25037.0,25099.25,1380,25115.0,25232.0,25037.0,391
2025-09-30,25099.5,25170.25,24978.75,25027.5,1380,25070.5,25170.25,24978.75,391
2025-10-01,25027.0,25333.0,24889.75,25319.25,1380,25025.75,25293.25,24982.5,391
2025-10-02,25319.5,25436.5,25250.25,25428.5,1380,25424.0,25425.5,25250.25,391
2025-10-03,25428.0,25453.0,25179.75,25238.5,1021,25390.5,25424.5,25179.75,391
2025-10-05,25256.5,25355.5,25251.5,25347.25,359,,,,0
2025-10-06,25348.0,25509.25,25302.0,25416.5,1380,25468.75,25509.25,25365.0,391
2025-10-07,25416.75,25531.5,25241.25,25343.25,1380,25494.5,25521.25,25241.25,391
2025-10-08,25342.75,25650.5,25282.75,25582.5,1380,25341.25,25600.75,25330.5,391
2025-10-09,25582.5,25624.25,25417.25,25574.25,1379,25587.25,25594.25,25417.25,391
2025-10-10,25574.0,25644.5,24415.0,24444.5,1021,25559.25,25644.5,24640.75,391
2025-10-12,24798.5,25112.0,24798.5,25034.0,359,,,,0
2025-10-13,25034.5,25300.75,24981.0,25171.5,1380,25084.0,25221.5,24981.0,391
2025-10-14,25172.0,25204.0,24677.5,25057.75,1380,24891.25,25204.0,24677.5,391
2025-10-15,25059.5,25371.5,24919.75,25172.75,1380,25260.5,25371.5,24919.75,391
2025-10-16,25172.5,25436.0,24900.0,24990.25,1380,25304.75,25436.0,24900.0,391
2025-10-17,24990.75,25312.25,24666.5,25290.0,1021,24988.25,25312.25,24929.0,391
2025-10-19,25322.25,25355.75,25212.25,25352.0,359,,,,0
2025-10-20,25351.75,25624.5,25294.5,25586.5,1380,25379.75,25611.0,25371.25,391
2025-10-21,25587.25,25605.0,25459.75,25546.5,1380,25549.75,25605.0,25459.75,391
2025-10-22,25546.25,25594.75,25061.25,25340.25,1380,25523.0,25545.75,25061.25,391
2025-10-23,25339.75,25586.5,25193.5,25585.0,1380,25273.25,25544.5,25255.5,391
2025-10-24,25585.25,25827.25,25576.25,25766.75,1021,25727.25,25827.25,25686.25,391
2025-10-26,25980.0,26029.5,25956.5,26016.75,359,,,,0
2025-10-27,26017.25,26275.25,26009.5,26235.75,1380,26083.25,26237.75,26053.0,391
2025-10-28,26235.5,26509.25,26199.5,26500.5,1380,26310.0,26488.0,26262.5,391
2025-10-29,26501.0,26655.5,26305.75,26627.5,1380,26519.25,26583.0,26305.75,391
2025-10-30,26627.25,26639.25,26109.5,26449.0,1380,26358.0,26439.0,26125.5,391
2025-10-31,26448.25,26530.5,26145.25,26239.5,1021,26460.75,26464.5,26145.25,391
2025-11-02,26284.75,26379.5,26269.25,26338.75,359,,,,0
2025-11-03,26339.25,26522.5,26162.0,26181.5,1380,26478.25,26522.5,26272.0,391
2025-11-04,26183.25,26184.25,25538.5,25718.5,1380,25990.5,26150.0,25800.5,391
2025-11-05,25717.25,26136.5,25660.5,25994.75,1380,25802.5,26136.5,25744.5,391
2025-11-06,25994.25,26078.75,25418.5,25509.5,1380,25936.75,25942.25,25454.25,391
2025-11-07,25509.0,25611.25,24965.75,25483.25,1021,25358.5,25429.5,24965.75,391
2025-11-09,25577.25,25745.5,25525.5,25727.25,359,,,,0
2025-11-10,25727.5,26025.25,25708.5,25940.0,1380,25796.25,26017.0,25708.5,391
2025-11-11,25941.0,26018.0,25735.0,25970.0,1380,25860.25,25952.75,25735.0,391
2025-11-12,25970.0,26086.5,25745.25,25948.25,1380,26037.0,26038.25,25745.25,391
2025-11-13,25947.75,25978.0,25259.0,25284.0,1380,25720.0,25758.5,25259.0,391
2025-11-14,25284.25,25549.75,24882.5,25404.0,1021,24994.0,25549.75,24882.5,391
2025-11-16,25398.75,25541.25,25278.5,25529.5,359,,,,0
2025-11-17,25530.0,25617.75,24863.5,24989.0,1380,25252.75,25510.5,24988.25,391
2025-11-18,24986.25,25116.0,24632.75,24781.75,1380,24971.0,25088.5,24632.75,391
2025-11-19,24780.25,25452.5,24701.5,25442.5,1380,24880.75,25244.5,24763.5,391
2025-11-20,25442.25,25566.5,24274.5,24414.75,1380,25471.25,25566.5,24354.5,391
2025-11-21,24416.0,24852.75,24161.0,24605.5,1021,24448.5,24852.75,24183.75,391
2025-11-23,24712.25,24811.75,24660.5,24711.25,359,,,,0
2025-11-24,24708.75,25250.0,24618.25,25189.0,1380,24779.25,25250.0,24773.25,391
2025-11-25,25190.5,25453.0,24858.5,25426.0,1380,25114.5,25391.75,24858.5,391
2025-11-26,25424.75,25632.5,25375.0,25579.75,1380,25483.25,25632.5,25390.25,391
2025-11-27,25580.5,25624.5,25542.25,25604.25,1004,25558.5,25574.25,25542.25,211
2025-11-28,25625.0,25756.25,25587.5,25741.0,285,25618.5,25756.25,25587.5,226
2025-11-30,25739.0,25802.5,25483.75,25491.75,359,,,,0
2025-12-01,25491.5,25752.25,25449.75,25625.5,1380,25515.25,25752.25,25465.75,391
2025-12-02,25625.75,25933.5,25581.25,25917.0,1380,25755.0,25926.5,25671.0,391
2025-12-03,25916.75,25941.75,25678.0,25897.0,1380,25746.75,25941.75,25686.5,391
2025-12-04,25896.5,25989.0,25745.25,25969.5,1380,25967.75,25969.5,25745.25,391
2025-12-05,25969.25,26124.5,25836.25,25991.5,1021,25933.0,26124.5,25907.75,391
2025-12-07,26006.5,26059.75,25956.75,26056.75,359,,,,0
2025-12-08,26056.5,26117.25,25821.25,25943.5,1380,26052.25,26117.25,25821.25,391
2025-12-09,25943.5,25992.25,25816.5,25949.0,1380,25865.0,25992.25,25816.5,391
2025-12-10,25947.75,26127.25,25639.5,25766.0,1380,25905.75,26127.25,25785.25,391
2025-12-11,25766.5,26118.0,25646.75,25919.5,1193,25910.5,25979.25,25646.75,391
