date,year,prior_session,Pref,Popen,G,CE_raw,CE,U,hit_ce_incl,hit_ce_excl1000,hit_u,tte_min,flat_gap,is_event,event_types,excl_reason,eligible_primary,fill_d0,fill_d025,fill_d05,fill_d075,fill_d10
2023-01-03,2023,2022-12-30,13697.75,13779.25,81.5,13738.5,13738.5,13740.75,1.0,1.0,1.0,2.0,False,False,,,True,1.0,1.0,1.0,1.0,1.0
2023-01-04,2023,2023-01-03,13587.0,13686.5,99.5,13636.75,13636.75,13630.0,1.0,1.0,1.0,3.0,False,False,,,True,1.0,1.0,1.0,1.0,0.0
2023-01-05,2023,2023-01-04,13646.5,13569.75,-76.75,13608.125,13608.25,13579.5,0.0,0.0,1.0,,False,False,,,True,1.0,0.0,0.0,0.0,0.0
2023-01-06,2023,2023-01-05,13480.75,13541.0,60.25,13510.875,13511.0,13501.25,1.0,1.0,1.0,2.0,False,True,NFP,event,False,1.0,1.0,1.0,1.0,1.0
2023-01-09,2023,2023-01-06,13758.5,13856.75,98.25,13807.625,13807.75,13805.75,0.0,0.0,0.0,,False,False,,,True,1.0,0.0,0.0,0.0,0.0
2023-01-10,2023,2023-01-09,13842.25,13798.0,-44.25,13820.125,13820.25,13822.25,1.0,1.0,1.0,1.0,False,False,,,True,1.0,1.0,1.0,1.0,1.0
2023-01-11,2023,2023-01-10,13937.5,13986.0,48.5,13961.75,13961.75,13973.25,1.0,1.0,1.0,3.0,False,False,,,True,1.0,1.0,1.0,1.0,0.0
2023-01-12,2023,2023-01-11,14121.5,14134.75,13.25,14128.125,14128.25,14123.5,1.0,1.0,1.0,3.0,False,True,CPI,event,False,1.0,1.0,1.0,1.0,1.0
2023-01-13,2023,2023-01-12,14184.25,14080.75,-103.5,14132.5,14132.5,14091.5,0.0,0.0,1.0,,False,False,,,True,1.0,1.0,0.0,0.0,0.0
2023-01-16,2023,2023-01-13,14242.25,14248.5,6.25,14245.375,14245.5,14248.25,1.0,1.0,1.0,0.0,False,False,,,True,1.0,1.0,1.0,1.0,0.0
2023-01-17,2023,2023-01-16,,,,,,,,,,,False,False,,holiday_prior,False,,,,,
2023-01-18,2023,2023-01-17,14276.0,14355.0,79.0,14315.5,14315.5,14313.25,0.0,0.0,0.0,,False,False,,,True,1.0,1.0,0.0,0.0,0.0
2023-01-19,2023,2023-01-18,14127.75,14051.0,-76.75,14089.375,14089.5,14121.0,1.0,1.0,0.0,3.0,False,False,,,True,1.0,1.0,1.0,0.0,0.0
2023-01-20,2023,2023-01-19,14029.25,14091.0,61.75,14060.125,14060.25,14037.0,1.0,1.0,0.0,2.0,False,False,,,True,1.0,1.0,1.0,1.0,0.0
2023-01-23,2023,2023-01-20,14322.5,14361.75,39.25,14342.125,14342.25,14329.25,1.0,1.0,1.0,2.0,False,False,,,True,1.0,1.0,1.0,1.0,0.0
2023-01-24,2023,2023-01-23,14574.75,14512.25,-62.5,14543.5,14543.5,14540.75,1.0,1.0,1.0,11.0,False,False,,,True,1.0,1.0,1.0,1.0,1.0
2023-01-25,2023,2023-01-24,14621.25,14365.0,-256.25,14493.125,14493.25,14379.0,0.0,0.0,1.0,,False,False,,,True,1.0,0.0,0.0,0.0,0.0
2023-01-26,2023,2023-01-25,14514.5,14673.5,159.0,14594.0,14594.0,14663.0,0.0,0.0,1.0,,False,False,,,True,1.0,1.0,0.0,0.0,0.0
2023-01-27,2023,2023-01-26,14727.75,14704.5,-23.25,14716.125,14716.25,14720.75,1.0,1.0,1.0,1.0,False,False,,,True,1.0,1.0,1.0,1.0,1.0
2023-01-30,2023,2023-01-27,14878.75,14735.0,-143.75,14806.875,14807.0,14782.75,0.0,0.0,1.0,,False,False,,,True,1.0,1.0,0.0,0.0,0.0
2023-01-31,2023,2023-01-30,14638.0,14631.5,-6.5,14634.75,14634.75,14637.0,1.0,1.0,1.0,1.0,False,False,,,True,1.0,1.0,1.0,1.0,1.0
2023-02-01,2023,2023-01-31,14771.0,14798.25,27.25,14784.625,14784.75,14794.0,1.0,1.0,1.0,2.0,False,True,FOMC,event,False,1.0,1.0,1.0,1.0,1.0
2023-02-02,2023,2023-02-01,15149.5,15329.75,180.25,15239.625,15239.75,15266.5,0.0,0.0,0.0,,False,False,,,True,1.0,0.0,0.0,0.0,0.0
2023-02-03,2023,2023-02-02,15382.5,15220.0,-162.5,15301.25,15301.25,15361.75,1.0,1.0,1.0,7.0,False,True,NFP,event,False,1.0,1.0,1.0,1.0,1.0
2023-02-06,2023,2023-02-03,15268.25,15160.75,-107.5,15214.5,15214.5,15250.0,1.0,1.0,0.0,5.0,False,False,,,True,1.0,1.0,1.0,0.0,0.0
2023-02-07,2023,2023-02-06,15163.0,15162.75,-0.25,15162.875,15163.0,15162.75,1.0,1.0,1.0,0.0,False,False,,,True,1.0,1.0,1.0,1.0,1.0
2023-02-08,2023,2023-02-07,15387.5,15368.5,-19.0,15378.0,15378.0,15371.0,1.0,1.0,1.0,1.0,False,False,,,True,1.0,1.0,1.0,1.0,1.0
2023-02-09,2023,2023-02-08,15189.25,15377.25,188.0,15283.25,15283.25,15217.75,0.0,0.0,0.0,,False,False,,,True,1.0,1.0,0.0,0.0,0.0
2023-02-10,2023,2023-02-09,15077.5,14984.25,-93.25,15030.875,15031.0,15016.5,1.0,1.0,1.0,1.0,False,False,,,True,1.0,1.0,1.0,0.0,0.0
2023-02-13,2023,2023-02-10,14997.25,15056.0,58.75,15026.625,15026.75,15028.5,1.0,1.0,1.0,4.0,False,False,,,True,1.0,1.0,1.0,1.0,0.0
2023-02-14,2023,2023-02-13,15200.75,15131.5,-69.25,15166.125,15166.25,15173.75,1.0,1.0,1.0,16.0,False,True,CPI,event,False,1.0,1.0,1.0,1.0,1.0
2023-02-15,2023,2023-02-14,15276.25,15207.0,-69.25,15241.625,15241.75,15224.75,1.0,1.0,1.0,2.0,False,False,,,True,1.0,1.0,1.0,1.0,1.0
2023-02-16,2023,2023-02-15,15398.75,15175.75,-223.0,15287.25,15287.25,15252.25,0.0,0.0,0.0,,False,False,,,True,1.0,1.0,0.0,0.0,0.0
2023-02-17,2023,2023-02-16,15131.0,15049.5,-81.5,15090.25,15090.25,15069.0,0.0,0.0,1.0,,False,False,,,True,1.0,1.0,0.0,0.0,0.0
2023-02-20,2023,2023-02-17,15042.0,15049.5,7.5,15045.75,15045.75,15047.25,1.0,1.0,1.0,3.0,False,False,,,True,1.0,1.0,1.0,1.0,1.0
2023-02-21,2023,2023-02-20,,,,,,,,,,,False,False,,holiday_prior,False,,,,,
2023-02-22,2023,2023-02-21,14768.5,14779.25,10.75,14773.875,14774.0,14771.0,1.0,1.0,1.0,1.0,False,False,,,True,1.0,1.0,1.0,1.0,0.0
2023-02-23,2023,2023-02-22,14763.5,14904.0,140.5,14833.75,14833.75,14884.25,0.0,0.0,1.0,,False,False,,,True,1.0,1.0,0.0,0.0,0.0
2023-02-24,2023,2023-02-23,14845.25,14648.5,-196.75,14746.875,14747.0,14657.0,0.0,0.0,1.0,,False,False,,,True,1.0,1.0,0.0,0.0,0.0
2023-02-27,2023,2023-02-24,14652.5,14784.75,132.25,14718.625,14718.75,14717.75,0.0,0.0,0.0,,False,False,,,True,1.0,0.0,0.0,0.0,0.0
2023-02-28,2023,2023-02-27,14748.5,14716.0,-32.5,14732.25,14732.25,14740.0,1.0,1.0,1.0,11.0,False,False,,,True,1.0,1.0,1.0,1.0,1.0
2023-03-01,2023,2023-02-28,14685.75,14707.25,21.5,14696.5,14696.5,14695.5,1.0,1.0,1.0,1.0,False,False,,,True,1.0,1.0,1.0,1.0,1.0
2023-03-02,2023,2023-03-01,14627.5,14508.5,-119.0,14568.0,14568.0,14624.5,0.0,0.0,0.0,,False,False,,,True,1.0,1.0,0.0,0.0,0.0
2023-03-03,2023,2023-03-02,14706.75,14790.25,83.5,14748.5,14748.5,14738.75,0.0,0.0,0.0,,False,False,,,True,1.0,1.0,0.0,0.0,0.0
2023-03-06,2023,2023-03-03,14973.0,15015.25,42.25,14994.125,14994.25,15007.25,0.0,0.0,1.0,,False,False,,,True,1.0,1.0,0.0,0.0,0.0
2023-03-07,2023,2023-03-06,14975.5,14980.75,5.25,14978.125,14978.25,14978.5,1.0,1.0,1.0,0.0,False,False,,,True,1.0,1.0,1.0,1.0,1.0
2023-03-08,2023,2023-03-07,14828.5,14839.0,10.5,14833.75,14833.75,14832.0,1.0,1.0,1.0,5.0,False,False,,,True,1.0,1.0,1.0,1.0,1.0
2023-03-09,2023,2023-03-08,14882.0,14902.0,20.0,14892.0,14892.0,14887.75,1.0,1.0,1.0,3.0,False,False,,,True,1.0,1.0,1.0,1.0,0.0
2023-03-10,2023,2023-03-09,14648.25,14666.75,18.5,14657.5,14657.5,14655.25,1.0,1.0,1.0,1.0,False,True,NFP,event,False,1.0,1.0,1.0,1.0,1.0
2023-03-13,2023,2023-03-10,14486.5,14405.0,-81.5,14445.75,14445.75,14446.5,1.0,1.0,1.0,4.0,False,False,,,True,1.0,1.0,1.0,1.0,1.0
2023-03-14,2023,2023-03-13,14598.25,14726.0,127.75,14662.125,14662.25,14665.0,0.0,0.0,0.0,,False,True,CPI,event,False,1.0,0.0,0.0,0.0,0.0
2023-03-15,2023,2023-03-14,14839.25,14734.5,-104.75,14786.875,14787.0,14820.0,1.0,1.0,0.0,5.0,False,False,,,True,1.0,1.0,1.0,0.0,0.0
2023-03-16,2023,2023-03-15,14914.75,14873.75,-41.0,14894.25,14894.25,14898.75,1.0,1.0,1.0,11.0,False,False,,,True,1.0,1.0,1.0,1.0,1.0
2023-03-17,2023,2023-03-16,15232.5,15247.75,15.25,15240.125,15240.25,15243.5,1.0,1.0,1.0,0.0,False,False,,,True,1.0,1.0,1.0,1.0,1.0
2023-03-20,2023,2023-03-17,15187.25,15145.75,-41.5,15166.5,15166.5,15185.25,0.0,0.0,0.0,,False,False,,,True,1.0,1.0,0.0,0.0,0.0
2023-03-21,2023,2023-03-20,15222.25,15300.0,77.75,15261.125,15261.25,15270.25,0.0,0.0,0.0,,False,False,,,True,1.0,0.0,0.0,0.0,0.0
2023-03-22,2023,2023-03-21,15399.5,15398.75,-0.75,15399.125,15399.25,15398.75,1.0,1.0,1.0,0.0,False,True,FOMC,event,False,1.0,1.0,1.0,1.0,1.0
2023-03-23,2023,2023-03-22,15222.25,15371.0,148.75,15296.625,15296.75,15347.5,0.0,0.0,0.0,,False,False,,,True,1.0,0.0,0.0,0.0,0.0
2023-03-24,2023,2023-03-23,15362.75,15340.75,-22.0,15351.75,15351.75,15350.5,1.0,1.0,1.0,0.0,False,False,,,True,1.0,1.0,1.0,1.0,1.0
2023-03-27,2023,2023-03-24,15425.25,15442.0,16.75,15433.625,15433.75,15439.0,1.0,1.0,1.0,1.0,False,False,,,True,1.0,1.0,1.0,1.0,1.0
2023-03-28,2023,2023-03-27,15339.25,15294.25,-45.0,15316.75,15316.75,15314.5,0.0,0.0,0.0,,False,False,,,True,1.0,0.0,0.0,0.0,0.0
2023-03-29,2023,2023-03-28,15265.5,15408.5,143.0,15337.0,15337.0,15284.5,0.0,0.0,0.0,,False,False,,,True,1.0,0.0,0.0,0.0,0.0
2023-03-30,2023,2023-03-29,15485.75,15588.25,102.5,15537.0,15537.0,15582.75,0.0,0.0,1.0,,False,False,,,True,1.0,1.0,0.0,0.0,0.0
2023-03-31,2023,2023-03-30,15614.75,15622.5,7.75,15618.625,15618.75,15617.5,1.0,1.0,1.0,0.0,False,False,,,True,1.0,1.0,1.0,1.0,1.0
2023-04-03,2023,2023-03-31,15831.0,15730.25,-100.75,15780.625,15780.75,15744.75,1.0,1.0,1.0,19.0,False,False,,,True,1.0,1.0,1.0,0.0,0.0
2023-04-04,2023,2023-04-03,15792.25,15810.25,18.0,15801.25,15801.25,15804.75,1.0,1.0,1.0,4.0,False,False,,,True,1.0,1.0,1.0,1.0,1.0
2023-04-05,2023,2023-04-04,15752.0,15703.75,-48.25,15727.875,15728.0,15742.75,0.0,0.0,0.0,,False,False,,,True,1.0,0.0,0.0,0.0,0.0
2023-04-06,2023,2023-04-05,,,,,,,,,,,False,False,,missing_1614,False,,,,,
2023-04-10,2023,2023-04-06,15691.0,15568.5,-122.5,15629.75,15629.75,15573.75,0.0,0.0,1.0,,False,False,,,True,1.0,0.0,0.0,0.0,0.0
2023-04-11,2023,2023-04-10,15694.75,15680.75,-14.0,15687.75,15687.75,15683.75,0.0,0.0,1.0,,False,False,,,True,1.0,1.0,0.0,0.0,0.0
2023-04-12,2023,2023-04-11,15608.0,15681.0,73.0,15644.5,15644.5,15677.25,1.0,1.0,1.0,11.0,False,True,CPI,event,False,1.0,1.0,1.0,1.0,1.0
2023-04-13,2023,2023-04-12,15485.25,15543.25,58.0,15514.25,15514.25,15542.5,0.0,0.0,0.0,,False,False,,,True,1.0,0.0,0.0,0.0,0.0
2023-04-14,2023,2023-04-13,15726.0,15659.5,-66.5,15692.75,15692.75,15672.25,1.0,1.0,1.0,7.0,False,False,,,True,1.0,1.0,1.0,1.0,1.0
2023-04-17,2023,2023-04-14,15712.75,15688.75,-24.0,15700.75,15700.75,15707.75,1.0,1.0,1.0,5.0,False,False,,,True,1.0,1.0,1.0,1.0,1.0
2023-04-18,2023,2023-04-17,15716.75,15803.0,86.25,15759.875,15760.0,15749.25,0.0,0.0,0.0,,False,False,,,True,1.0,1.0,0.0,0.0,0.0
2023-04-19,2023,2023-04-18,15697.5,15606.0,-91.5,15651.75,15651.75,15659.75,1.0,1.0,0.0,7.0,False,False,,,True,1.0,1.0,1.0,0.0,0.0
2023-04-20,2023,2023-04-19,15689.75,15577.5,-112.25,15633.625,15633.75,15678.5,1.0,1.0,0.0,15.0,False,False,,,True,1.0,1.0,1.0,0.0,0.0
2023-04-21,2023,2023-04-20,15613.75,15587.25,-26.5,15600.5,15600.5,15596.0,0.0,0.0,1.0,,False,False,,,True,1.0,1.0,0.0,0.0,0.0
2023-04-24,2023,2023-04-21,15610.0,15601.0,-9.0,15605.5,15605.5,15604.75,1.0,1.0,1.0,4.0,False,False,,,True,1.0,1.0,1.0,1.0,1.0
2023-04-25,2023,2023-04-24,15583.75,15520.75,-63.0,15552.25,15552.25,15534.0,0.0,0.0,1.0,,False,False,,,True,1.0,1.0,0.0,0.0,0.0
2023-04-26,2023,2023-04-25,15439.0,15470.5,31.5,15454.75,15454.75,15464.0,1.0,1.0,1.0,2.0,False,False,,,True,1.0,1.0,1.0,1.0,1.0
2023-04-27,2023,2023-04-26,15467.75,15562.25,94.5,15515.0,15515.0,15536.25,0.0,0.0,0.0,,False,False,,,True,1.0,1.0,0.0,0.0,0.0
2023-04-28,2023,2023-04-27,15810.0,15741.75,-68.25,15775.875,15776.0,15784.5,0.0,0.0,0.0,,False,False,,,True,1.0,1.0,0.0,0.0,0.0
2023-05-01,2023,2023-04-28,15851.0,15824.75,-26.25,15837.875,15838.0,15826.5,1.0,1.0,1.0,12.0,False,False,,,True,1.0,1.0,1.0,1.0,1.0
2023-05-02,2023,2023-05-01,15829.0,15826.0,-3.0,15827.5,15827.5,15827.0,1.0,1.0,1.0,3.0,False,False,,,True,1.0,1.0,1.0,1.0,1.0
2023-05-03,2023,2023-05-02,15707.75,15726.0,18.25,15716.875,15717.0,15709.25,1.0,1.0,0.0,1.0,False,True,FOMC,event,False,1.0,1.0,1.0,0.0,0.0
2023-05-04,2023,2023-05-03,15648.75,15599.5,-49.25,15624.125,15624.25,15606.25,0.0,0.0,1.0,,False,False,,,True,1.0,0.0,0.0,0.0,0.0
2023-05-05,2023,2023-05-04,15563.25,15664.0,100.75,15613.625,15613.75,15632.5,0.0,0.0,0.0,,False,True,NFP,event,False,1.0,0.0,0.0,0.0,0.0
2023-05-08,2023,2023-05-05,15839.25,15822.25,-17.0,15830.75,15830.75,15839.0,1.0,1.0,0.0,1.0,False,False,,,True,1.0,1.0,1.0,1.0,0.0
2023-05-09,2023,2023-05-08,15871.0,15802.5,-68.5,15836.75,15836.75,15803.0,0.0,0.0,1.0,,False,False,,,True,1.0,1.0,0.0,0.0,0.0
2023-05-10,2023,2023-05-09,15792.25,15893.75,101.5,15843.0,15843.0,15869.0,0.0,0.0,1.0,,False,True,CPI,event,False,1.0,1.0,0.0,0.0,0.0
2023-05-11,2023,2023-05-10,15941.75,15949.25,7.5,15945.5,15945.5,15943.5,1.0,1.0,1.0,1.0,False,False,,,True,1.0,1.0,1.0,1.0,1.0
2023-05-12,2023,2023-05-11,15967.25,15991.5,24.25,15979.375,15979.5,15970.5,1.0,1.0,1.0,19.0,False,False,,,True,1.0,1.0,1.0,1.0,1.0
2023-05-15,2023,2023-05-12,15900.25,15939.25,39.0,15919.75,15919.75,15903.25,1.0,1.0,1.0,10.0,False,False,,,True,1.0,1.0,1.0,1.0,1.0
2023-05-16,2023,2023-05-15,15994.5,15957.5,-37.0,15976.0,15976.0,15983.75,1.0,1.0,1.0,1.0,False,False,,,True,1.0,1.0,1.0,1.0,1.0
2023-05-17,2023,2023-05-16,16021.25,16047.25,26.0,16034.25,16034.25,16045.75,1.0,1.0,1.0,18.0,False,False,,,True,1.0,1.0,1.0,1.0,1.0
2023-05-18,2023,2023-05-17,16170.75,16177.5,6.75,16174.125,16174.25,16173.75,0.0,0.0,0.0,,False,False,,,True,1.0,0.0,0.0,0.0,0.0
2023-05-19,2023,2023-05-18,16417.0,16423.25,6.25,16420.125,16420.25,16422.0,1.0,1.0,1.0,0.0,False,False,,,True,1.0,1.0,1.0,1.0,1.0
2023-05-22,2023,2023-05-19,16371.75,16378.0,6.25,16374.875,16375.0,16372.25,1.0,1.0,1.0,0.0,False,False,,,True,1.0,1.0,1.0,1.0,1.0
2023-05-23,2023,2023-05-22,16441.5,16356.0,-85.5,16398.75,16398.75,16396.0,1.0,1.0,1.0,27.0,False,False,,,True,1.0,1.0,1.0,0.0,0.0
2023-05-24,2023,2023-05-23,16259.0,16163.0,-96.0,16211.0,16211.0,16240.75,0.0,0.0,0.0,,False,False,,,True,1.0,1.0,0.0,0.0,0.0
2023-05-25,2023,2023-05-24,16174.0,16482.75,308.75,16328.375,16328.5,16332.0,0.0,0.0,0.0,,False,False,,,True,1.0,1.0,0.0,0.0,0.0
2023-05-26,2023,2023-05-25,16514.5,16543.25,28.75,16528.875,16529.0,16533.25,0.0,0.0,0.0,,False,False,,,True,1.0,0.0,0.0,0.0,0.0
2023-05-29,2023,2023-05-26,16884.75,16900.25,15.5,16892.5,16892.5,16887.5,0.0,0.0,0.0,,False,False,,,True,1.0,1.0,0.0,0.0,0.0
2023-05-30,2023,2023-05-29,,,,,,,,,,,False,False,,holiday_prior,False,,,,,
2023-05-31,2023,2023-05-30,16930.25,16849.75,-80.5,16890.0,16890.0,16863.5,1.0,1.0,1.0,9.0,False,False,,,True,1.0,1.0,1.0,1.0,1.0
2023-06-01,2023,2023-05-31,16812.75,16827.5,14.75,16820.125,16820.25,16820.25,1.0,1.0,1.0,1.0,False,False,,,True,1.0,1.0,1.0,1.0,1.0
2023-06-02,2023,2023-06-01,17020.0,17069.25,49.25,17044.625,17044.75,17066.5,1.0,1.0,1.0,21.0,False,True,NFP,event,False,1.0,1.0,1.0,1.0,1.0
2023-06-05,2023,2023-06-02,17113.5,17090.0,-23.5,17101.75,17101.75,17105.5,1.0,1.0,1.0,1.0,False,False,,,True,1.0,1.0,1.0,1.0,1.0
2023-06-06,2023,2023-06-05,17116.75,17088.5,-28.25,17102.625,17102.75,17098.25,0.0,0.0,0.0,,False,False,,,True,1.0,0.0,0.0,0.0,0.0
2023-06-07,2023,2023-06-06,17116.0,17118.75,2.75,17117.375,17117.5,17116.5,1.0,1.0,1.0,0.0,False,False,,,True,1.0,1.0,1.0,1.0,1.0
2023-06-08,2023,2023-06-07,16846.0,16863.5,17.5,16854.75,16854.75,16859.0,1.0,1.0,1.0,6.0,False,False,,,True,1.0,1.0,1.0,0.0,0.0
2023-06-09,2023,2023-06-08,17019.75,17084.75,65.0,17052.25,17052.25,17028.5,0.0,0.0,0.0,,False,False,,,True,1.0,0.0,0.0,0.0,0.0
2023-06-12,2023,2023-06-09,17093.0,17149.5,56.5,17121.25,17121.25,17123.75,0.0,0.0,0.0,,False,False,,,True,1.0,1.0,0.0,0.0,0.0
2023-06-13,2023,2023-06-12,17340.75,17448.75,108.0,17394.75,17394.75,17344.25,1.0,1.0,0.0,17.0,False,True,CPI,event,False,1.0,1.0,1.0,1.0,0.0
2023-06-14,2023,2023-06-13,17447.75,17442.25,-5.5,17445.0,17445.0,17444.0,1.0,1.0,1.0,1.0,False,True,FOMC,event,False,1.0,1.0,1.0,1.0,1.0
2023-06-15,2023,2023-06-14,17559.25,17489.25,-70.0,17524.25,17524.25,17528.5,1.0,1.0,1.0,15.0,False,False,,,True,1.0,1.0,1.0,1.0,1.0
2023-06-16,2023,2023-06-15,17711.5,17804.0,92.5,17757.75,17757.75,17734.0,1.0,1.0,1.0,5.0,False,False,,,True,1.0,1.0,1.0,1.0,1.0
2023-06-19,2023,2023-06-16,17650.75,17603.5,-47.25,17627.125,17627.25,17614.75,0.0,0.0,0.0,,False,False,,,True,1.0,0.0,0.0,0.0,0.0
2023-06-20,2023,2023-06-19,,,,,,,,,,,False,False,,holiday_prior,False,,,,,
2023-06-21,2023,2023-06-20,17593.0,17545.25,-47.75,17569.125,17569.25,17553.0,0.0,0.0,1.0,,False,False,,,True,1.0,1.0,0.0,0.0,0.0
2023-06-22,2023,2023-06-21,17400.75,17330.5,-70.25,17365.625,17365.75,17385.25,1.0,1.0,1.0,6.0,False,False,,,True,1.0,1.0,1.0,1.0,1.0
2023-06-23,2023,2023-06-22,17564.0,17389.25,-174.75,17476.625,17476.75,17542.5,0.0,0.0,0.0,,False,False,,,True,1.0,1.0,0.0,0.0,0.0
2023-06-26,2023,2023-06-23,17413.0,17390.25,-22.75,17401.625,17401.75,17396.25,1.0,1.0,1.0,4.0,False,False,,,True,1.0,1.0,1.0,1.0,1.0
2023-06-27,2023,2023-06-26,17235.75,17265.25,29.5,17250.5,17250.5,17242.75,1.0,1.0,0.0,3.0,False,False,,,True,1.0,1.0,1.0,0.0,0.0
2023-06-28,2023,2023-06-27,17441.5,17378.5,-63.0,17410.0,17410.0,17407.0,1.0,1.0,1.0,4.0,False,False,,,True,1.0,1.0,1.0,1.0,1.0
2023-06-29,2023,2023-06-28,17508.75,17462.25,-46.5,17485.5,17485.5,17486.5,1.0,1.0,1.0,5.0,False,False,,,True,1.0,1.0,1.0,0.0,0.0
2023-06-30,2023,2023-06-29,17462.5,17597.5,135.0,17530.0,17530.0,17582.75,0.0,0.0,0.0,,False,False,,,True,1.0,0.0,0.0,0.0,0.0
2023-07-03,2023,2023-06-30,17670.75,17700.25,29.5,17685.5,17685.5,17677.5,1.0,1.0,0.0,8.0,False,False,,,True,1.0,1.0,1.0,0.0,0.0
2023-07-04,2023,2023-07-03,,,,,,,,,,,False,False,,early_close_prior,False,,,,,
2023-07-05,2023,2023-07-04,,,,,,,,,,,False,False,,holiday_prior,False,,,,,
2023-07-06,2023,2023-07-05,17703.25,17536.5,-166.75,17619.875,17620.0,17671.75,0.0,0.0,0.0,,False,False,,,True,1.0,0.0,0.0,0.0,0.0
2023-07-07,2023,2023-07-06,17587.75,17574.75,-13.0,17581.25,17581.25,17583.0,1.0,1.0,1.0,3.0,False,True,NFP,event,False,1.0,1.0,1.0,1.0,1.0
2023-07-10,2023,2023-07-07,17549.0,17515.5,-33.5,17532.25,17532.25,17535.25,1.0,1.0,1.0,1.0,False,False,,,True,1.0,1.0,1.0,1.0,1.0
2023-07-11,2023,2023-07-10,17557.25,17553.0,-4.25,17555.125,17555.25,17553.25,1.0,1.0,1.0,1.0,False,False,,,True,1.0,1.0,1.0,1.0,1.0
2023-07-12,2023,2023-07-11,17608.75,17773.25,164.5,17691.0,17691.0,17750.75,0.0,0.0,0.0,,False,True,CPI,event,False,1.0,0.0,0.0,0.0,0.0
2023-07-13,2023,2023-07-12,17806.75,17928.5,121.75,17867.625,17867.75,17892.0,0.0,0.0,0.0,,False,False,,,True,1.0,0.0,0.0,0.0,0.0
2023-07-14,2023,2023-07-13,18049.5,18061.5,12.0,18055.5,18055.5,18052.0,0.0,0.0,0.0,,False,False,,,True,1.0,0.0,0.0,0.0,0.0
2023-07-17,2023,2023-07-14,18052.5,18074.25,21.75,18063.375,18063.5,18071.25,1.0,1.0,1.0,21.0,False,False,,,True,1.0,1.0,1.0,1.0,0.0
2023-07-18,2023,2023-07-17,18173.5,18157.0,-16.5,18165.25,18165.25,18163.0,0.0,0.0,1.0,,False,False,,,True,1.0,1.0,0.0,0.0,0.0
2023-07-19,2023,2023-07-18,18301.75,18363.25,61.5,18332.5,18332.5,18325.25,1.0,1.0,0.0,5.0,False,False,,,True,1.0,1.0,1.0,0.0,0.0
2023-07-20,2023,2023-07-19,18285.0,18182.0,-103.0,18233.5,18233.5,18238.5,1.0,1.0,1.0,5.0,False,False,,,True,1.0,1.0,1.0,0.0,0.0
2023-07-21,2023,2023-07-20,17943.5,18039.25,95.75,17991.375,17991.5,17977.75,1.0,1.0,1.0,19.0,False,False,,,True,1.0,1.0,1.0,0.0,0.0
2023-07-24,2023,2023-07-21,17895.75,17920.75,25.0,17908.25,17908.25,17917.0,1.0,1.0,1.0,17.0,False,False,,,True,1.0,1.0,1.0,1.0,1.0
2023-07-25,2023,2023-07-24,17910.75,17935.0,24.25,17922.875,17923.0,17925.75,0.0,0.0,0.0,,False,False,,,True,1.0,0.0,0.0,0.0,0.0
2023-07-26,2023,2023-07-25,18059.5,17966.0,-93.5,18012.75,18012.75,17977.5,0.0,0.0,1.0,,False,True,FOMC,event,False,1.0,0.0,0.0,0.0,0.0
2023-07-27,2023,2023-07-26,17988.75,18178.0,189.25,18083.375,18083.5,18146.5,0.0,0.0,0.0,,False,False,,,True,1.0,0.0,0.0,0.0,0.0
2023-07-28,2023,2023-07-27,17929.75,18084.75,155.0,18007.25,18007.25,17996.0,0.0,0.0,0.0,,False,False,,,True,1.0,0.0,0.0,0.0,0.0
2023-07-31,2023,2023-07-28,18188.25,18208.0,19.75,18198.125,18198.25,18188.75,1.0,1.0,1.0,5.0,False,False,,,True,1.0,1.0,1.0,1.0,1.0
2023-08-01,2023,2023-07-31,18217.75,18146.0,-71.75,18181.875,18182.0,18159.0,0.0,0.0,0.0,,False,False,,,True,1.0,0.0,0.0,0.0,0.0
2023-08-02,2023,2023-08-01,18154.25,18013.5,-140.75,18083.875,18084.0,18129.5,0.0,0.0,0.0,,False,False,,,True,1.0,0.0,0.0,0.0,0.0
2023-08-03,2023,2023-08-02,17825.5,17706.75,-118.75,17766.125,17766.25,17813.25,1.0,1.0,0.0,18.0,False,False,,,True,1.0,1.0,1.0,1.0,0.0
2023-08-04,2023,2023-08-03,17869.5,17861.75,-7.75,17865.625,17865.75,17867.0,1.0,1.0,1.0,1.0,False,True,NFP,event,False,1.0,1.0,1.0,1.0,1.0
2023-08-07,2023,2023-08-04,17713.75,17779.75,66.0,17746.75,17746.75,17777.25,1.0,1.0,1.0,15.0,False,False,,,True,1.0,1.0,1.0,1.0,0.0
2023-08-08,2023,2023-08-07,17834.5,17718.0,-116.5,17776.25,17776.25,17770.0,0.0,0.0,0.0,,False,False,,,True,1.0,0.0,0.0,0.0,0.0
2023-08-09,2023,2023-08-08,17703.5,17713.75,10.25,17708.625,17708.75,17707.0,1.0,1.0,1.0,0.0,False,False,,,True,1.0,1.0,1.0,1.0,1.0
2023-08-10,2023,2023-08-09,17553.5,17652.5,99.0,17603.0,17603.0,17630.75,0.0,0.0,1.0,,False,True,CPI,event,False,1.0,1.0,0.0,0.0,0.0
2023-08-11,2023,2023-08-10,17555.5,17430.25,-125.25,17492.875,17493.0,17501.75,0.0,0.0,0.0,,False,False,,,True,1.0,1.0,0.0,0.0,0.0
2023-08-14,2023,2023-08-11,17461.0,17413.5,-47.5,17437.25,17437.25,17419.5,1.0,1.0,1.0,11.0,False,False,,,True,1.0,1.0,1.0,1.0,1.0
2023-08-15,2023,2023-08-14,17623.25,17570.0,-53.25,17596.625,17596.75,17616.25,1.0,1.0,0.0,9.0,False,False,,,True,1.0,1.0,1.0,0.0,0.0
2023-08-16,2023,2023-08-15,17462.75,17419.5,-43.25,17441.125,17441.25,17421.25,1.0,1.0,1.0,8.0,False,False,,,True,1.0,1.0,1.0,1.0,1.0
2023-08-17,2023,2023-08-16,17289.75,17339.0,49.25,17314.375,17314.5,17291.75,1.0,1.0,1.0,6.0,False,False,,,True,1.0,1.0,1.0,1.0,1.0
2023-08-18,2023,2023-08-17,17120.5,16973.5,-147.0,17047.0,17047.0,17108.25,0.0,0.0,0.0,,False,False,,,True,1.0,1.0,0.0,0.0,0.0
2023-08-21,2023,2023-08-18,17106.25,17152.75,46.5,17129.5,17129.5,17140.0,0.0,0.0,0.0,,False,False,,,True,1.0,0.0,0.0,0.0,0.0
2023-08-22,2023,2023-08-21,17314.5,17437.0,122.5,17375.75,17375.75,17314.75,1.0,1.0,0.0,11.0,False,False,,,True,1.0,1.0,1.0,0.0,0.0
2023-08-23,2023,2023-08-22,17314.25,17358.75,44.5,17336.5,17336.5,17314.75,0.0,0.0,0.0,,False,False,,,True,1.0,1.0,0.0,0.0,0.0
2023-08-24,2023,2023-08-23,17560.5,17687.5,127.0,17624.0,17624.0,17665.0,1.0,1.0,1.0,4.0,False,False,,,True,1.0,1.0,1.0,1.0,1.0
2023-08-25,2023,2023-08-24,17201.5,17233.0,31.5,17217.25,17217.25,17212.75,0.0,0.0,0.0,,False,False,,,True,1.0,0.0,0.0,0.0,0.0
2023-08-28,2023,2023-08-25,17322.5,17452.5,130.0,17387.5,17387.5,17331.75,1.0,1.0,0.0,13.0,False,False,,,True,1.0,1.0,1.0,1.0,0.0
2023-08-29,2023,2023-08-28,17445.0,17419.25,-25.75,17432.125,17432.25,17419.5,1.0,1.0,1.0,1.0,False,False,,,True,1.0,1.0,1.0,1.0,1.0
2023-08-30,2023,2023-08-29,17775.25,17767.5,-7.75,17771.375,17771.5,17771.25,1.0,1.0,1.0,1.0,False,False,,,True,1.0,1.0,1.0,1.0,1.0
2023-08-31,2023,2023-08-30,17857.0,17837.75,-19.25,17847.375,17847.5,17849.75,1.0,1.0,1.0,1.0,False,False,,,True,1.0,1.0,1.0,1.0,1.0
2023-09-01,2023,2023-08-31,17893.75,17982.75,89.0,17938.25,17938.25,17966.5,1.0,1.0,1.0,7.0,False,True,NFP,event,False,1.0,1.0,1.0,1.0,1.0
2023-09-04,2023,2023-09-01,17868.75,17902.5,33.75,17885.625,17885.75,17885.5,0.0,0.0,0.0,,False,False,,,True,1.0,0.0,0.0,0.0,0.0
2023-09-05,2023,2023-09-04,,,,,,,,,,,False,False,,holiday_prior,False,,,,,
2023-09-06,2023,2023-09-05,17874.0,17841.25,-32.75,17857.625,17857.75,17864.0,1.0,1.0,0.0,16.0,False,False,,,True,1.0,1.0,1.0,0.0,0.0
2023-09-07,2023,2023-09-06,17736.0,17547.0,-189.0,17641.5,17641.5,17593.25,0.0,0.0,0.0,,False,False,,,True,1.0,0.0,0.0,0.0,0.0
2023-09-08,2023,2023-09-07,17626.0,17626.0,0.0,17626.0,17626.0,17626.0,1.0,1.0,1.0,0.0,True,False,,flat_gap,False,1.0,1.0,1.0,1.0,1.0
2023-09-11,2023,2023-09-08,17665.25,17767.75,102.5,17716.5,17716.5,17757.75,1.0,1.0,1.0,17.0,False,False,,,True,1.0,1.0,1.0,0.0,0.0
2023-09-12,2023,2023-09-11,17823.75,17759.25,-64.5,17791.5,17791.5,17803.5,1.0,1.0,1.0,13.0,False,False,,,True,1.0,1.0,1.0,1.0,0.0
2023-09-13,2023,2023-09-12,17656.25,17653.25,-3.0,17654.75,17654.75,17655.75,1.0,1.0,1.0,0.0,False,True,CPI,event,False,1.0,1.0,1.0,1.0,1.0
2023-09-14,2023,2023-09-13,17722.25,17768.75,46.5,17745.5,17745.5,17747.5,1.0,1.0,1.0,2.0,False,False,,,True,1.0,1.0,1.0,1.0,1.0
2023-09-15,2023,2023-09-14,17841.5,17759.0,-82.5,17800.25,17800.25,17784.0,0.0,0.0,0.0,,False,False,,,True,1.0,0.0,0.0,0.0,0.0
2023-09-18,2023,2023-09-15,17549.5,17501.75,-47.75,17525.625,17525.75,17543.25,1.0,1.0,1.0,2.0,False,False,,,True,1.0,1.0,1.0,1.0,1.0
2023-09-19,2023,2023-09-18,17580.5,17502.5,-78.0,17541.5,17541.5,17505.75,0.0,0.0,1.0,,False,False,,,True,1.0,1.0,0.0,0.0,0.0
2023-09-20,2023,2023-09-19,17535.25,17574.5,39.25,17554.875,17555.0,17548.75,1.0,1.0,1.0,1.0,False,True,FOMC,event,False,1.0,1.0,1.0,1.0,1.0
2023-09-21,2023,2023-09-20,17283.25,17130.5,-152.75,17206.875,17207.0,17140.5,0.0,0.0,1.0,,False,False,,,True,1.0,1.0,0.0,0.0,0.0
2023-09-22,2023,2023-09-21,17013.75,17091.0,77.25,17052.375,17052.5,17055.0,1.0,1.0,1.0,8.0,False,False,,,True,1.0,1.0,1.0,0.0,0.0
2023-09-25,2023,2023-09-22,17037.25,16965.75,-71.5,17001.5,17001.5,16980.75,1.0,1.0,1.0,11.0,False,False,,,True,1.0,1.0,1.0,1.0,1.0
2023-09-26,2023,2023-09-25,17099.75,16973.5,-126.25,17036.625,17036.75,17037.75,0.0,0.0,0.0,,False,False,,,True,1.0,0.0,0.0,0.0,0.0
2023-09-27,2023,2023-09-26,16879.5,16906.25,26.75,16892.875,16893.0,16891.0,0.0,0.0,0.0,,False,False,,,True,1.0,0.0,0.0,0.0,0.0
2023-09-28,2023,2023-09-27,16918.0,16837.75,-80.25,16877.875,16878.0,16886.0,1.0,1.0,1.0,24.0,False,False,,,True,1.0,1.0,1.0,1.0,0.0
2023-09-29,2023,2023-09-28,17015.75,17156.75,141.0,17086.25,17086.25,17116.5,0.0,0.0,0.0,,False,False,,,True,1.0,0.0,0.0,0.0,0.0
2023-10-02,2023,2023-09-29,17042.75,17023.25,-19.5,17033.0,17033.0,17037.75,1.0,1.0,1.0,2.0,False,False,,,True,1.0,1.0,1.0,1.0,1.0
2023-10-03,2023,2023-10-02,17147.0,17025.5,-121.5,17086.25,17086.25,17141.5,1.0,1.0,0.0,20.0,False,False,,,True,1.0,1.0,1.0,1.0,0.0
2023-10-04,2023,2023-10-03,16875.5,16907.0,31.5,16891.25,16891.25,16880.0,0.0,0.0,0.0,,False,False,,,True,1.0,0.0,0.0,0.0,0.0
2023-10-05,2023,2023-10-04,17068.25,17063.5,-4.75,17065.875,17066.0,17065.0,1.0,1.0,1.0,1.0,False,False,,,True,1.0,1.0,1.0,1.0,1.0
2023-10-06,2023,2023-10-05,17010.25,16885.25,-125.0,16947.75,16947.75,16931.0,1.0,1.0,1.0,2.0,False,True,NFP,event,False,1.0,1.0,1.0,0.0,0.0
2023-10-09,2023,2023-10-06,17283.75,17164.0,-119.75,17223.875,17224.0,17268.0,0.0,0.0,0.0,,False,False,,,True,1.0,1.0,0.0,0.0,0.0
2023-10-10,2023,2023-10-09,17349.75,17354.5,4.75,17352.125,17352.25,17353.5,1.0,1.0,1.0,0.0,False,False,,,True,1.0,1.0,1.0,1.0,1.0
2023-10-11,2023,2023-10-10,17436.25,17477.75,41.5,17457.0,17457.0,17448.75,0.0,0.0,0.0,,False,False,,,True,1.0,0.0,0.0,0.0,0.0
2023-10-12,2023,2023-10-11,17558.0,17540.5,-17.5,17549.25,17549.25,17550.75,1.0,1.0,1.0,1.0,False,True,CPI,event,False,1.0,1.0,1.0,1.0,1.0
2023-10-13,2023,2023-10-12,17468.5,17491.5,23.0,17480.0,17480.0,17478.75,1.0,1.0,1.0,5.0,False,False,,,True,1.0,1.0,1.0,1.0,1.0
2023-10-16,2023,2023-10-13,17257.0,17327.75,70.75,17292.375,17292.5,17282.25,0.0,0.0,0.0,,False,False,,,True,1.0,0.0,0.0,0.0,0.0
2023-10-17,2023,2023-10-16,17456.25,17293.5,-162.75,17374.875,17375.0,17394.5,0.0,0.0,0.0,,False,False,,,True,1.0,0.0,0.0,0.0,0.0
2023-10-18,2023,2023-10-17,17384.5,17281.0,-103.5,17332.75,17332.75,17311.25,1.0,1.0,1.0,5.0,False,False,,,True,1.0,1.0,1.0,0.0,0.0
2023-10-19,2023,2023-10-18,17215.75,17233.0,17.25,17224.375,17224.5,17224.0,1.0,1.0,1.0,5.0,False,False,,,True,1.0,1.0,1.0,1.0,1.0
2023-10-20,2023,2023-10-19,16997.0,17010.25,13.25,17003.625,17003.75,17003.0,1.0,1.0,1.0,1.0,False,False,,,True,1.0,1.0,1.0,1.0,1.0
2023-10-23,2023,2023-10-20,16802.5,16754.0,-48.5,16778.25,16778.25,16757.5,1.0,1.0,1.0,1.0,False,False,,,True,1.0,1.0,1.0,1.0,0.0
2023-10-24,2023,2023-10-23,16890.0,16927.75,37.75,16908.875,16909.0,16923.75,0.0,0.0,1.0,,False,False,,,True,1.0,1.0,0.0,0.0,0.0
2023-10-25,2023,2023-10-24,17004.25,16888.0,-116.25,16946.125,16946.25,16966.25,0.0,0.0,0.0,,False,False,,,True,1.0,0.0,0.0,0.0,0.0
2023-10-26,2023,2023-10-25,16642.75,16570.0,-72.75,16606.375,16606.5,16610.75,1.0,1.0,0.0,4.0,False,False,,,True,1.0,1.0,1.0,0.0,0.0
2023-10-27,2023,2023-10-26,16404.25,16466.0,61.75,16435.125,16435.25,16465.5,0.0,0.0,1.0,,False,False,,,True,1.0,1.0,0.0,0.0,0.0
2023-10-30,2023,2023-10-27,16417.75,16512.0,94.25,16464.875,16465.0,16477.75,0.0,0.0,0.0,,False,False,,,True,1.0,1.0,0.0,0.0,0.0
2023-10-31,2023,2023-10-30,16566.0,16561.5,-4.5,16563.75,16563.75,16563.75,1.0,1.0,1.0,0.0,False,False,,,True,1.0,1.0,1.0,1.0,1.0
2023-11-01,2023,2023-10-31,16621.5,16673.5,52.0,16647.5,16647.5,16638.25,0.0,0.0,0.0,,False,True,FOMC,event,False,1.0,0.0,0.0,0.0,0.0
2023-11-02,2023,2023-11-01,16892.75,17072.0,179.25,16982.375,16982.5,17021.0,0.0,0.0,0.0,,False,False,,,True,1.0,0.0,0.0,0.0,0.0
2023-11-03,2023,2023-11-02,17131.25,17202.5,71.25,17166.875,17167.0,17142.75,0.0,0.0,0.0,,False,True,NFP,event,False,1.0,0.0,0.0,0.0,0.0
2023-11-06,2023,2023-11-03,17338.5,17356.75,18.25,17347.625,17347.75,17341.25,0.0,0.0,0.0,,False,False,,,True,1.0,1.0,0.0,0.0,0.0
2023-11-07,2023,2023-11-06,17375.25,17423.75,48.5,17399.5,17399.5,17390.25,1.0,1.0,1.0,4.0,False,False,,,True,1.0,1.0,1.0,1.0,1.0
2023-11-08,2023,2023-11-07,17527.0,17535.25,8.25,17531.125,17531.25,17529.25,1.0,1.0,1.0,1.0,False,False,,,True,1.0,1.0,1.0,1.0,1.0
2023-11-09,2023,2023-11-08,17523.5,17555.0,31.5,17539.25,17539.25,17535.0,1.0,1.0,1.0,3.0,False,False,,,True,1.0,1.0,1.0,1.0,1.0
2023-11-10,2023,2023-11-09,17408.0,17475.25,67.25,17441.625,17441.75,17433.0,0.0,0.0,0.0,,False,False,,,True,1.0,1.0,0.0,0.0,0.0
2023-11-13,2023,2023-11-10,17755.0,17684.25,-70.75,17719.625,17719.75,17746.0,0.0,0.0,0.0,,False,False,,,True,1.0,0.0,0.0,0.0,0.0
2023-11-14,2023,2023-11-13,17701.5,17966.0,264.5,17833.75,17833.75,17709.25,0.0,0.0,0.0,,False,True,CPI,event,False,1.0,0.0,0.0,0.0,0.0
2023-11-15,2023,2023-11-14,18046.5,18104.75,58.25,18075.625,18075.75,18073.25,1.0,1.0,1.0,23.0,False,False,,,True,1.0,1.0,1.0,1.0,0.0
2023-11-16,2023,2023-11-15,17997.0,17999.5,2.5,17998.25,17998.25,17997.75,1.0,1.0,1.0,0.0,False,False,,,True,1.0,1.0,1.0,1.0,1.0
2023-11-17,2023,2023-11-16,18037.0,18026.5,-10.5,18031.75,18031.75,18032.5,1.0,1.0,0.0,23.0,False,False,,,True,1.0,1.0,1.0,0.0,0.0
2023-11-20,2023,2023-11-17,18038.25,18041.5,3.25,18039.875,18040.0,18039.75,0.0,0.0,0.0,,False,False,,,True,1.0,0.0,0.0,0.0,0.0
2023-11-21,2023,2023-11-20,18233.0,18157.5,-75.5,18195.25,18195.25,18201.0,0.0,0.0,0.0,,False,False,,,True,1.0,0.0,0.0,0.0,0.0
2023-11-22,2023,2023-11-21,18129.75,18214.75,85.0,18172.25,18172.25,18173.0,0.0,0.0,0.0,,False,False,,,True,1.0,1.0,0.0,0.0,0.0
2023-11-23,2023,2023-11-22,18190.25,18213.0,22.75,18201.625,18201.75,18208.75,0.0,0.0,1.0,,False,False,,,True,1.0,1.0,0.0,0.0,0.0
2023-11-24,2023,2023-11-23,,,,,,,,,,,False,False,,holiday_prior,False,,,,,
2023-11-27,2023,2023-11-24,,,,,,,,,,,False,False,,early_close_prior,False,,,,,
2023-11-28,2023,2023-11-27,18156.0,18125.75,-30.25,18140.875,18141.0,18128.75,1.0,1.0,1.0,2.0,False,False,,,True,1.0,1.0,1.0,1.0,1.0
2023-11-29,2023,2023-11-28,18201.75,18300.0,98.25,18250.875,18251.0,18285.5,0.0,0.0,0.0,,False,False,,,True,1.0,0.0,0.0,0.0,0.0
2023-11-30,2023,2023-11-29,18197.0,18186.25,-10.75,18191.625,18191.75,18191.5,1.0,1.0,1.0,2.0,False,False,,,True,1.0,1.0,1.0,1.0,1.0
2023-12-01,2023,2023-11-30,18124.0,18079.0,-45.0,18101.5,18101.5,18100.25,0.0,0.0,0.0,,False,False,,,True,1.0,1.0,0.0,0.0,0.0
2023-12-04,2023,2023-12-01,18180.75,18014.5,-166.25,18097.625,18097.75,18019.25,0.0,0.0,1.0,,False,False,,,True,1.0,0.0,0.0,0.0,0.0
2023-12-05,2023,2023-12-04,18011.0,17932.5,-78.5,17971.75,17971.75,17960.25,1.0,1.0,1.0,7.0,False,False,,,True,1.0,1.0,1.0,1.0,1.0
2023-12-06,2023,2023-12-05,18065.25,18177.0,111.75,18121.125,18121.25,18070.0,1.0,1.0,0.0,5.0,False,False,,,True,1.0,1.0,1.0,1.0,0.0
2023-12-07,2023,2023-12-06,17966.5,18088.0,121.5,18027.25,18027.25,17967.0,0.0,0.0,0.0,,False,False,,,True,1.0,1.0,0.0,0.0,0.0
2023-12-08,2023,2023-12-07,18175.0,18101.75,-73.25,18138.375,18138.5,18113.0,1.0,1.0,1.0,1.0,False,True,NFP,event,False,1.0,1.0,1.0,1.0,1.0
2023-12-11,2023,2023-12-08,18242.5,18229.0,-13.5,18235.75,18235.75,18241.75,1.0,1.0,1.0,1.0,False,False,,,True,1.0,1.0,1.0,1.0,1.0
2023-12-12,2023,2023-12-11,18395.0,18383.5,-11.5,18389.25,18389.25,18385.25,1.0,1.0,1.0,1.0,False,True,CPI,event,False,1.0,1.0,1.0,1.0,1.0
2023-12-13,2023,2023-12-12,18540.5,18548.5,8.0,18544.5,18544.5,18547.75,1.0,1.0,1.0,0.0,False,True,FOMC,event,False,1.0,1.0,1.0,1.0,1.0
2023-12-14,2023,2023-12-13,18714.0,18762.0,48.0,18738.0,18738.0,18753.5,0.0,0.0,1.0,,False,False,,,True,1.0,0.0,0.0,0.0,0.0
2023-12-15,2023,2023-12-14,18687.75,18714.0,26.25,18700.875,18701.0,18711.0,0.0,0.0,1.0,,False,False,,,True,1.0,0.0,0.0,0.0,0.0
2023-12-18,2023,2023-12-15,18767.75,18787.0,19.25,18777.375,18777.5,18769.5,1.0,1.0,0.0,1.0,False,False,,,True,1.0,1.0,1.0,0.0,0.0
2023-12-19,2023,2023-12-18,18857.25,18896.0,38.75,18876.625,18876.75,18865.0,0.0,0.0,0.0,,False,False,,,True,1.0,1.0,0.0,0.0,0.0
2023-12-20,2023,2023-12-19,18961.5,18927.0,-34.5,18944.25,18944.25,18954.75,1.0,1.0,1.0,10.0,False,False,,,True,1.0,1.0,1.0,1.0,1.0
2023-12-21,2023,2023-12-20,18709.5,18865.75,156.25,18787.625,18787.75,18723.25,0.0,0.0,0.0,,False,False,,,True,1.0,1.0,0.0,0.0,0.0
2023-12-22,2023,2023-12-21,18886.5,18943.25,56.75,18914.875,18915.0,18914.25,0.0,0.0,0.0,,False,False,,,True,1.0,0.0,0.0,0.0,0.0
2023-12-26,2023,2023-12-22,18911.75,18950.75,39.0,18931.25,18931.25,18927.0,0.0,0.0,0.0,,False,False,,,True,1.0,0.0,0.0,0.0,0.0
2023-12-27,2023,2023-12-26,19028.5,19033.0,4.5,19030.75,19030.75,19031.25,1.0,1.0,1.0,0.0,False,False,,,True,1.0,1.0,1.0,1.0,0.0
2023-12-28,2023,2023-12-27,19068.0,19086.75,18.75,19077.375,19077.5,19084.75,1.0,1.0,1.0,4.0,False,False,,,True,1.0,1.0,1.0,1.0,1.0
2023-12-29,2023,2023-12-28,19036.25,19026.5,-9.75,19031.375,19031.5,19031.5,1.0,1.0,1.0,1.0,False,False,,,True,1.0,1.0,1.0,1.0,1.0
2024-01-02,2024,2023-12-29,18952.5,18803.75,-148.75,18878.125,18878.25,18861.75,0.0,0.0,0.0,,False,False,,,True,1.0,0.0,0.0,0.0,0.0
2024-01-03,2024,2024-01-02,18668.75,18548.25,-120.5,18608.5,18608.5,18560.0,0.0,0.0,1.0,,False,False,,,True,1.0,1.0,0.0,0.0,0.0
2024-01-04,2024,2024-01-03,18475.75,18393.75,-82.0,18434.75,18434.75,18431.75,1.0,1.0,1.0,6.0,False,False,,,True,1.0,1.0,1.0,0.0,0.0
2024-01-05,2024,2024-01-04,18383.5,18386.75,3.25,18385.125,18385.25,18385.0,1.0,1.0,1.0,0.0,False,True,NFP,event,False,1.0,1.0,1.0,1.0,1.0
2024-01-08,2024,2024-01-05,18409.25,18449.0,39.75,18429.125,18429.25,18415.5,0.0,0.0,0.0,,False,False,,,True,1.0,0.0,0.0,0.0,0.0
2024-01-09,2024,2024-01-08,18735.0,18617.75,-117.25,18676.375,18676.5,18685.75,0.0,0.0,0.0,,False,False,,,True,1.0,1.0,0.0,0.0,0.0
2024-01-10,2024,2024-01-09,18773.5,18776.75,3.25,18775.125,18775.25,18775.5,1.0,1.0,1.0,21.0,False,False,,,True,1.0,1.0,1.0,1.0,1.0
2024-01-11,2024,2024-01-10,18889.5,18924.0,34.5,18906.75,18906.75,18914.75,1.0,1.0,1.0,16.0,False,True,CPI,event,False,1.0,1.0,1.0,1.0,1.0
2024-01-12,2024,2024-01-11,18908.0,18943.25,35.25,18925.625,18925.75,18921.5,1.0,1.0,1.0,3.0,False,False,,,True,1.0,1.0,1.0,1.0,0.0
2024-01-15,2024,2024-01-12,18903.0,18900.25,-2.75,18901.625,18901.75,18900.75,1.0,1.0,1.0,1.0,False,False,,,True,1.0,1.0,1.0,1.0,1.0
2024-01-16,2024,2024-01-15,,,,,,,,,,,False,False,,holiday_prior,False,,,,,
2024-01-17,2024,2024-01-16,18906.25,18757.75,-148.5,18832.0,18832.0,18767.25,0.0,0.0,1.0,,False,False,,,True,1.0,0.0,0.0,0.0,0.0
2024-01-18,2024,2024-01-17,18800.0,18939.5,139.5,18869.75,18869.75,18876.25,0.0,0.0,0.0,,False,False,,,True,1.0,0.0,0.0,0.0,0.0
2024-01-19,2024,2024-01-18,19046.0,19147.25,101.25,19096.625,19096.75,19131.0,0.0,0.0,1.0,,False,False,,,True,1.0,1.0,0.0,0.0,0.0
2024-01-22,2024,2024-01-19,19397.25,19465.0,67.75,19431.125,19431.25,19422.25,0.0,0.0,0.0,,False,False,,,True,1.0,1.0,0.0,0.0,0.0
2024-01-23,2024,2024-01-22,19391.0,19433.0,42.0,19412.0,19412.0,19418.0,1.0,1.0,1.0,1.0,False,False,,,True,1.0,1.0,1.0,1.0,1.0
2024-01-24,2024,2024-01-23,19469.25,19624.25,155.0,19546.75,19546.75,19574.5,0.0,0.0,0.0,,False,False,,,True,1.0,1.0,0.0,0.0,0.0
2024-01-25,2024,2024-01-24,19538.25,19666.0,127.75,19602.125,19602.25,19609.5,1.0,1.0,1.0,28.0,False,False,,,True,1.0,1.0,1.0,0.0,0.0
2024-01-26,2024,2024-01-25,19545.75,19497.25,-48.5,19521.5,19521.5,19534.75,0.0,0.0,0.0,,False,False,,,True,1.0,1.0,0.0,0.0,0.0
2024-01-29,2024,2024-01-26,19451.25,19482.25,31.0,19466.75,19466.75,19473.5,0.0,0.0,1.0,,False,False,,,True,1.0,1.0,0.0,0.0,0.0
2024-01-30,2024,2024-01-29,19637.75,19599.0,-38.75,19618.375,19618.5,19609.75,1.0,1.0,1.0,2.0,False,False,,,True,1.0,1.0,1.0,0.0,0.0
2024-01-31,2024,2024-01-30,19499.75,19336.75,-163.0,19418.25,19418.25,19366.0,0.0,0.0,1.0,,False,True,FOMC,event,False,1.0,0.0,0.0,0.0,0.0
2024-02-01,2024,2024-01-31,19210.25,19245.5,35.25,19227.875,19228.0,19243.0,1.0,1.0,1.0,29.0,False,False,,,True,1.0,1.0,1.0,0.0,0.0
2024-02-02,2024,2024-02-01,19489.75,19441.75,-48.0,19465.75,19465.75,19460.0,1.0,1.0,1.0,6.0,False,True,NFP,event,False,1.0,1.0,1.0,1.0,1.0
2024-02-05,2024,2024-02-02,19663.0,19662.0,-1.0,19662.5,19662.5,19662.75,1.0,1.0,1.0,0.0,False,False,,,True,1.0,1.0,1.0,1.0,1.0
2024-02-06,2024,2024-02-05,19642.75,19682.25,39.5,19662.5,19662.5,19666.5,1.0,1.0,1.0,5.0,False,False,,,True,1.0,1.0,1.0,1.0,1.0
2024-02-07,2024,2024-02-06,19585.75,19715.25,129.5,19650.5,19650.5,19711.75,0.0,0.0,1.0,,False,False,,,True,1.0,1.0,0.0,0.0,0.0
2024-02-08,2024,2024-02-07,19794.0,19770.5,-23.5,19782.25,19782.25,19792.75,1.0,1.0,1.0,1.0,False,False,,,True,1.0,1.0,1.0,1.0,0.0
2024-02-09,2024,2024-02-08,19798.5,19850.5,52.0,19824.5,19824.5,19808.25,1.0,1.0,0.0,7.0,False,False,,,True,1.0,1.0,1.0,0.0,0.0
2024-02-12,2024,2024-02-09,19972.5,19970.0,-2.5,19971.25,19971.25,19972.5,1.0,1.0,1.0,0.0,False,False,,,True,1.0,1.0,1.0,1.0,1.0
2024-02-13,2024,2024-02-12,19864.0,19561.5,-302.5,19712.75,19712.75,19629.0,0.0,0.0,0.0,,False,True,CPI,event,False,1.0,0.0,0.0,0.0,0.0
2024-02-14,2024,2024-02-13,19627.5,19731.5,104.0,19679.5,19679.5,19685.0,0.0,0.0,1.0,,False,False,,,True,1.0,1.0,0.0,0.0,0.0
2024-02-15,2024,2024-02-14,19806.0,19824.0,18.0,19815.0,19815.0,19813.75,1.0,1.0,1.0,5.0,False,False,,,True,1.0,1.0,1.0,1.0,1.0
2024-02-16,2024,2024-02-15,19898.0,19870.25,-27.75,19884.125,19884.25,19873.5,0.0,0.0,1.0,,False,False,,,True,1.0,0.0,0.0,0.0,0.0
2024-02-19,2024,2024-02-16,19665.75,19728.0,62.25,19696.875,19697.0,19670.75,0.0,0.0,0.0,,False,False,,,True,1.0,0.0,0.0,0.0,0.0
2024-02-20,2024,2024-02-19,,,,,,,,,,,False,False,,holiday_prior,False,,,,,
2024-02-21,2024,2024-02-20,19525.0,19437.5,-87.5,19481.25,19481.25,19524.75,0.0,0.0,0.0,,False,False,,,True,1.0,0.0,0.0,0.0,0.0
2024-02-22,2024,2024-02-21,19471.25,19828.0,356.75,19649.625,19649.75,19638.0,0.0,0.0,0.0,,False,False,,,True,1.0,0.0,0.0,0.0,0.0
2024-02-23,2024,2024-02-22,19962.5,20044.75,82.25,20003.625,20003.75,19963.75,1.0,1.0,0.0,28.0,False,False,,,True,1.0,1.0,1.0,0.0,0.0
2024-02-26,2024,2024-02-23,19907.75,19949.75,42.0,19928.75,19928.75,19940.5,1.0,1.0,1.0,16.0,False,False,,,True,1.0,1.0,1.0,1.0,1.0
2024-02-27,2024,2024-02-26,19901.75,19961.0,59.25,19931.375,19931.5,19954.75,1.0,1.0,1.0,9.0,False,False,,,True,1.0,1.0,1.0,1.0,1.0
2024-02-28,2024,2024-02-27,19961.5,19869.5,-92.0,19915.5,19915.5,19892.25,0.0,0.0,0.0,,False,False,,,True,1.0,0.0,0.0,0.0,0.0
2024-02-29,2024,2024-02-28,19814.0,19972.0,158.0,19893.0,19893.0,19912.5,0.0,0.0,0.0,,False,False,,,True,1.0,0.0,0.0,0.0,0.0
2024-03-01,2024,2024-02-29,20000.25,20034.25,34.0,20017.25,20017.25,20033.5,0.0,0.0,0.0,,False,False,,,True,1.0,0.0,0.0,0.0,0.0
2024-03-04,2024,2024-03-01,20266.25,20264.75,-1.5,20265.5,20265.5,20265.25,1.0,1.0,1.0,0.0,False,False,,,True,1.0,1.0,1.0,1.0,1.0
2024-03-05,2024,2024-03-04,20181.0,20072.75,-108.25,20126.875,20127.0,20138.0,0.0,0.0,0.0,,False,False,,,True,1.0,0.0,0.0,0.0,0.0
2024-03-06,2024,2024-03-05,19904.75,20042.0,137.25,19973.375,19973.5,19959.25,0.0,0.0,0.0,,False,False,,,True,1.0,1.0,0.0,0.0,0.0
2024-03-07,2024,2024-03-06,19980.75,20115.75,135.0,20048.25,20048.25,20075.25,0.0,0.0,1.0,,False,False,,,True,1.0,1.0,0.0,0.0,0.0
2024-03-08,2024,2024-03-07,20208.75,20260.0,51.25,20234.375,20234.5,20243.25,1.0,1.0,1.0,8.0,False,True,NFP,event,False,1.0,1.0,1.0,0.0,0.0
2024-03-11,2024,2024-03-08,20007.75,19915.75,-92.0,19961.75,19961.75,20001.25,0.0,0.0,0.0,,False,False,,,True,1.0,1.0,0.0,0.0,0.0
2024-03-12,2024,2024-03-11,19920.0,20002.5,82.5,19961.25,19961.25,19986.5,1.0,1.0,1.0,5.0,False,True,CPI,event,False,1.0,1.0,1.0,1.0,1.0
2024-03-13,2024,2024-03-12,20166.25,20123.0,-43.25,20144.625,20144.75,20163.0,0.0,0.0,0.0,,False,False,,,True,1.0,0.0,0.0,0.0,0.0
2024-03-14,2024,2024-03-13,20039.5,20063.75,24.25,20051.625,20051.75,20058.0,1.0,1.0,1.0,1.0,False,False,,,True,1.0,1.0,1.0,1.0,1.0
2024-03-15,2024,2024-03-14,19958.75,19834.0,-124.75,19896.375,19896.5,19851.0,0.0,0.0,1.0,,False,False,,,True,1.0,1.0,0.0,0.0,0.0
2024-03-18,2024,2024-03-15,19768.0,19966.0,198.0,19867.0,19867.0,19960.5,0.0,0.0,0.0,,False,False,,,True,1.0,0.0,0.0,0.0,0.0
2024-03-19,2024,2024-03-18,19931.75,19840.0,-91.75,19885.875,19886.0,19851.0,0.0,0.0,0.0,,False,False,,,True,1.0,0.0,0.0,0.0,0.0
2024-03-20,2024,2024-03-19,19964.75,20005.25,40.5,19985.0,19985.0,19987.75,1.0,1.0,1.0,7.0,False,True,FOMC,event,False,1.0,1.0,1.0,1.0,1.0
2024-03-21,2024,2024-03-20,20229.75,20386.5,156.75,20308.125,20308.25,20352.75,0.0,0.0,1.0,,False,False,,,True,1.0,1.0,0.0,0.0,0.0
2024-03-22,2024,2024-03-21,20270.25,20232.25,-38.0,20251.25,20251.25,20240.5,0.0,0.0,0.0,,False,False,,,True,1.0,0.0,0.0,0.0,0.0
2024-03-25,2024,2024-03-22,20254.25,20158.0,-96.25,20206.125,20206.25,20242.25,0.0,0.0,0.0,,False,False,,,True,1.0,0.0,0.0,0.0,0.0
2024-03-26,2024,2024-03-25,20207.25,20262.25,55.0,20234.75,20234.75,20251.75,0.0,0.0,1.0,,False,False,,,True,1.0,1.0,0.0,0.0,0.0
2024-03-27,2024,2024-03-26,20164.75,20261.25,96.5,20213.0,20213.0,20222.5,1.0,1.0,1.0,5.0,False,False,,,True,1.0,1.0,1.0,1.0,1.0
2024-03-28,2024,2024-03-27,20209.5,20197.25,-12.25,20203.375,20203.5,20200.75,1.0,1.0,1.0,16.0,False,False,,,True,1.0,1.0,1.0,1.0,1.0
2024-04-01,2024,2024-03-28,20165.25,20192.5,27.25,20178.875,20179.0,20186.75,1.0,1.0,1.0,1.0,False,False,,,True,1.0,1.0,1.0,0.0,0.0
2024-04-02,2024,2024-04-01,20197.5,19976.0,-221.5,20086.75,20086.75,20106.5,0.0,0.0,0.0,,False,False,,,True,1.0,0.0,0.0,0.0,0.0
2024-04-03,2024,2024-04-02,20037.25,19929.75,-107.5,19983.5,19983.5,19967.5,0.0,0.0,1.0,,False,False,,,True,1.0,1.0,0.0,0.0,0.0
2024-04-04,2024,2024-04-03,20088.0,20232.75,144.75,20160.375,20160.5,20180.0,0.0,0.0,0.0,,False,False,,,True,1.0,0.0,0.0,0.0,0.0
2024-04-05,2024,2024-04-04,19780.25,19835.25,55.0,19807.75,19807.75,19822.25,1.0,1.0,1.0,8.0,False,True,NFP,event,False,1.0,1.0,1.0,0.0,0.0
2024-04-08,2024,2024-04-05,19979.5,20031.75,52.25,20005.625,20005.75,20005.5,1.0,1.0,1.0,1.0,False,False,,,True,1.0,1.0,1.0,1.0,1.0
2024-04-09,2024,2024-04-08,20007.5,20081.5,74.0,20044.5,20044.5,20042.5,1.0,1.0,1.0,6.0,False,False,,,True,1.0,1.0,1.0,0.0,0.0
2024-04-10,2024,2024-04-09,20086.5,19823.75,-262.75,19955.125,19955.25,20031.0,0.0,0.0,0.0,,False,True,CPI,event,False,1.0,1.0,0.0,0.0,0.0
2024-04-11,2024,2024-04-10,19866.5,19955.0,88.5,19910.75,19910.75,19934.0,0.0,0.0,1.0,,False,False,,,True,1.0,1.0,0.0,0.0,0.0
2024-04-12,2024,2024-04-11,20186.5,19983.25,-203.25,20084.875,20085.0,20040.5,0.0,0.0,0.0,,False,False,,,True,1.0,1.0,0.0,0.0,0.0
2024-04-15,2024,2024-04-12,19882.0,20033.5,151.5,19957.75,19957.75,19985.25,1.0,1.0,1.0,6.0,False,False,,,True,1.0,1.0,1.0,0.0,0.0
2024-04-16,2024,2024-04-15,19556.0,19569.25,13.25,19562.625,19562.75,19559.0,1.0,1.0,1.0,0.0,False,False,,,True,1.0,1.0,1.0,1.0,1.0
2024-04-17,2024,2024-04-16,19573.75,19647.5,73.75,19610.625,19610.75,19617.25,1.0,1.0,1.0,6.0,False,False,,,True,1.0,1.0,1.0,1.0,1.0
2024-04-18,2024,2024-04-17,19354.5,19366.75,12.25,19360.625,19360.75,19361.75,1.0,1.0,1.0,1.0,False,False,,,True,1.0,1.0,1.0,1.0,1.0
2024-04-19,2024,2024-04-18,19232.5,19189.0,-43.5,19210.75,19210.75,19195.5,1.0,1.0,1.0,17.0,False,False,,,True,1.0,1.0,1.0,0.0,0.0
2024-04-22,2024,2024-04-19,18866.75,18986.0,119.25,18926.375,18926.5,18875.5,0.0,0.0,0.0,,False,False,,,True,1.0,0.0,0.0,0.0,0.0
2024-04-23,2024,2024-04-22,19023.5,19128.25,104.75,19075.875,19076.0,19108.25,0.0,0.0,1.0,,False,False,,,True,1.0,0.0,0.0,0.0,0.0
2024-04-24,2024,2024-04-23,19332.25,19422.25,90.0,19377.25,19377.25,19408.0,0.0,0.0,1.0,,False,False,,,True,1.0,0.0,0.0,0.0,0.0
2024-04-25,2024,2024-04-24,19246.0,19047.25,-198.75,19146.625,19146.75,19063.75,0.0,0.0,1.0,,False,False,,,True,1.0,0.0,0.0,0.0,0.0
2024-04-26,2024,2024-04-25,19460.75,19381.25,-79.5,19421.0,19421.0,19386.25,1.0,1.0,1.0,5.0,False,False,,,True,1.0,1.0,1.0,1.0,1.0
2024-04-29,2024,2024-04-26,19526.25,19607.25,81.0,19566.75,19566.75,19585.5,1.0,1.0,1.0,11.0,False,False,,,True,1.0,1.0,1.0,1.0,1.0
2024-04-30,2024,2024-04-29,19615.25,19530.75,-84.5,19573.0,19573.0,19563.0,1.0,1.0,1.0,15.0,False,False,,,True,1.0,1.0,1.0,0.0,0.0
2024-05-01,2024,2024-04-30,19246.75,19197.75,-49.0,19222.25,19222.25,19243.25,0.0,0.0,0.0,,False,True,FOMC,event,False,1.0,1.0,0.0,0.0,0.0
2024-05-02,2024,2024-05-01,19148.75,19274.25,125.5,19211.5,19211.5,19230.75,1.0,1.0,1.0,11.0,False,False,,,True,1.0,1.0,1.0,1.0,0.0
2024-05-03,2024,2024-05-02,19350.25,19641.25,291.0,19495.75,19495.75,19608.5,0.0,0.0,0.0,,False,True,NFP,event,False,1.0,0.0,0.0,0.0,0.0
2024-05-06,2024,2024-05-03,19719.0,19761.25,42.25,19740.125,19740.25,19722.5,1.0,1.0,0.0,2.0,False,False,,,True,1.0,1.0,1.0,0.0,0.0
2024-05-07,2024,2024-05-06,19879.25,19901.75,22.5,19890.5,19890.5,19892.75,1.0,1.0,1.0,21.0,False,False,,,True,1.0,1.0,1.0,1.0,0.0
2024-05-08,2024,2024-05-07,19907.0,19786.25,-120.75,19846.625,19846.75,19799.0,1.0,1.0,1.0,19.0,False,False,,,True,1.0,1.0,1.0,0.0,0.0
2024-05-09,2024,2024-05-08,19857.5,19881.0,23.5,19869.25,19869.25,19869.25,1.0,1.0,1.0,4.0,False,False,,,True,1.0,1.0,1.0,1.0,1.0
2024-05-10,2024,2024-05-09,19929.5,19966.5,37.0,19948.0,19948.0,19954.25,0.0,0.0,1.0,,False,False,,,True,1.0,1.0,0.0,0.0,0.0
2024-05-13,2024,2024-05-10,19943.25,20023.0,79.75,19983.125,19983.25,20002.5,1.0,1.0,1.0,6.0,False,False,,,True,1.0,1.0,1.0,1.0,0.0
2024-05-14,2024,2024-05-13,19982.25,19969.5,-12.75,19975.875,19976.0,19976.0,1.0,1.0,1.0,1.0,False,False,,,True,1.0,1.0,1.0,1.0,1.0
2024-05-15,2024,2024-05-14,20104.75,20202.25,97.5,20153.5,20153.5,20146.25,1.0,1.0,1.0,21.0,False,True,CPI,event,False,1.0,1.0,1.0,0.0,0.0
2024-05-16,2024,2024-05-15,20373.25,20377.75,4.5,20375.5,20375.5,20377.0,1.0,1.0,1.0,0.0,False,False,,,True,1.0,1.0,1.0,1.0,1.0
2024-05-17,2024,2024-05-16,20334.0,20358.0,24.0,20346.0,20346.0,20354.5,1.0,1.0,1.0,0.0,False,False,,,True,1.0,1.0,1.0,1.0,1.0
2024-05-20,2024,2024-05-17,20319.0,20333.75,14.75,20326.375,20326.5,20322.25,0.0,0.0,0.0,,False,False,,,True,1.0,1.0,0.0,0.0,0.0
2024-05-21,2024,2024-05-20,20436.5,20377.5,-59.0,20407.0,20407.0,20380.75,1.0,1.0,1.0,6.0,False,False,,,True,1.0,1.0,1.0,0.0,0.0
2024-05-22,2024,2024-05-21,20495.0,20495.5,0.5,20495.25,20495.25,20495.25,1.0,1.0,1.0,0.0,False,False,,,True,1.0,1.0,1.0,1.0,1.0
2024-05-23,2024,2024-05-22,20483.0,20670.75,187.75,20576.875,20577.0,20526.25,1.0,1.0,0.0,21.0,False,False,,,True,1.0,1.0,1.0,0.0,0.0
2024-05-24,2024,2024-05-23,20382.25,20454.75,72.5,20418.5,20418.5,20397.25,0.0,0.0,0.0,,False,False,,,True,1.0,1.0,0.0,0.0,0.0
2024-05-27,2024,2024-05-24,20567.0,20573.25,6.25,20570.125,20570.25,20569.75,0.0,0.0,0.0,,False,False,,,True,1.0,1.0,0.0,0.0,0.0
2024-05-28,2024,2024-05-27,,,,,,,,,,,False,False,,holiday_prior,False,,,,,
2024-05-29,2024,2024-05-28,20639.0,20453.25,-185.75,20546.125,20546.25,20460.25,0.0,0.0,1.0,,False,False,,,True,1.0,1.0,0.0,0.0,0.0
2024-05-30,2024,2024-05-29,20485.5,20460.25,-25.25,20472.875,20473.0,20479.75,0.0,0.0,0.0,,False,False,,,True,1.0,0.0,0.0,0.0,0.0
2024-05-31,2024,2024-05-30,20255.5,20295.75,40.25,20275.625,20275.75,20268.25,1.0,1.0,1.0,5.0,False,False,,,True,1.0,1.0,1.0,1.0,1.0
2024-06-03,2024,2024-05-31,20266.0,20403.5,137.5,20334.75,20334.75,20325.25,0.0,0.0,0.0,,False,False,,,True,1.0,1.0,0.0,0.0,0.0
2024-06-04,2024,2024-06-03,20355.25,20328.75,-26.5,20342.0,20342.0,20344.25,1.0,1.0,1.0,1.0,False,False,,,True,1.0,1.0,1.0,0.0,0.0
2024-06-05,2024,2024-06-04,20396.75,20539.25,142.5,20468.0,20468.0,20400.5,0.0,0.0,0.0,,False,False,,,True,1.0,0.0,0.0,0.0,0.0
2024-06-06,2024,2024-06-05,20756.0,20798.5,42.5,20777.25,20777.25,20794.25,1.0,1.0,1.0,16.0,False,False,,,True,1.0,1.0,1.0,1.0,1.0
2024-06-07,2024,2024-06-06,20759.75,20738.5,-21.25,20749.125,20749.25,20742.5,1.0,1.0,1.0,22.0,False,True,NFP,event,False,1.0,1.0,1.0,1.0,0.0
2024-06-10,2024,2024-06-07,20717.0,20684.0,-33.0,20700.5,20700.5,20706.5,1.0,1.0,1.0,3.0,False,False,,,True,1.0,1.0,1.0,1.0,1.0
2024-06-11,2024,2024-06-10,20780.5,20748.5,-32.0,20764.5,20764.5,20772.0,1.0,1.0,1.0,4.0,False,False,,,True,1.0,1.0,1.0,1.0,1.0
2024-06-12,2024,2024-06-11,20948.5,21099.5,151.0,21024.0,21024.0,21000.0,0.0,0.0,0.0,,False,True,"CPI,FOMC",event,False,1.0,0.0,0.0,0.0,0.0
2024-06-13,2024,2024-06-12,21175.0,21328.0,153.0,21251.5,21251.5,21209.5,0.0,0.0,0.0,,False,False,,,True,1.0,0.0,0.0,0.0,0.0
2024-06-14,2024,2024-06-13,21306.5,21264.25,-42.25,21285.375,21285.5,21272.0,1.0,1.0,1.0,9.0,False,False,,,True,1.0,1.0,1.0,1.0,1.0
2024-06-17,2024,2024-06-14,21382.25,21386.5,4.25,21384.375,21384.5,21386.0,1.0,1.0,1.0,3.0,False,False,,,True,1.0,1.0,1.0,1.0,1.0
2024-06-18,2024,2024-06-17,21605.0,21637.75,32.75,21621.375,21621.5,21624.75,1.0,1.0,1.0,1.0,False,False,,,True,1.0,1.0,1.0,1.0,1.0
2024-06-19,2024,2024-06-18,21639.0,21674.75,35.75,21656.875,21657.0,21646.0,0.0,0.0,0.0,,False,False,,,True,1.0,0.0,0.0,0.0,0.0
2024-06-20,2024,2024-06-19,,,,,,,,,,,False,False,,holiday_prior,False,,,,,
2024-06-21,2024,2024-06-20,21476.0,21462.0,-14.0,21469.0,21469.0,21462.25,1.0,1.0,1.0,0.0,False,False,,,True,1.0,1.0,1.0,1.0,0.0
2024-06-24,2024,2024-06-21,21438.25,21351.75,-86.5,21395.0,21395.0,21426.75,1.0,1.0,0.0,5.0,False,False,,,True,1.0,1.0,1.0,0.0,0.0
2024-06-25,2024,2024-06-24,21190.75,21260.25,69.5,21225.5,21225.5,21254.0,1.0,1.0,1.0,9.0,False,False,,,True,1.0,1.0,1.0,0.0,0.0
2024-06-26,2024,2024-06-25,21397.25,21359.75,-37.5,21378.5,21378.5,21386.0,1.0,1.0,1.0,3.0,False,False,,,True,1.0,1.0,1.0,1.0,1.0
2024-06-27,2024,2024-06-26,21378.0,21427.25,49.25,21402.625,21402.75,21425.5,0.0,0.0,1.0,,False,False,,,True,1.0,0.0,0.0,0.0,0.0
2024-06-28,2024,2024-06-27,21502.75,21500.5,-2.25,21501.625,21501.75,21502.5,1.0,1.0,1.0,0.0,False,False,,,True,1.0,1.0,1.0,1.0,1.0
2024-07-01,2024,2024-06-28,21396.25,21399.75,3.5,21398.0,21398.0,21396.5,1.0,1.0,1.0,0.0,False,False,,,True,1.0,1.0,1.0,1.0,1.0
2024-07-02,2024,2024-07-01,21477.5,21413.25,-64.25,21445.375,21445.5,21422.5,1.0,1.0,1.0,3.0,False,False,,,True,1.0,1.0,1.0,1.0,1.0
2024-07-03,2024,2024-07-02,21686.75,21655.5,-31.25,21671.125,21671.25,21677.25,1.0,1.0,1.0,1.0,False,False,,,True,1.0,1.0,1.0,1.0,1.0
2024-07-04,2024,2024-07-03,,,,,,,,,,,False,False,,early_close_prior,False,,,,,
2024-07-05,2024,2024-07-04,,,,,,,,,,,False,True,NFP,holiday_prior,False,,,,,
2024-07-08,2024,2024-07-05,22045.0,22067.5,22.5,22056.25,22056.25,22058.5,1.0,1.0,1.0,1.0,False,False,,,True,1.0,1.0,1.0,1.0,1.0
2024-07-09,2024,2024-07-08,22107.25,22154.25,47.0,22130.75,22130.75,22122.25,0.0,0.0,0.0,,False,False,,,True,1.0,0.0,0.0,0.0,0.0
2024-07-10,2024,2024-07-09,22108.5,22192.5,84.0,22150.5,22150.5,22118.5,0.0,0.0,0.0,,False,False,,,True,1.0,1.0,0.0,0.0,0.0
2024-07-11,2024,2024-07-10,22311.25,22328.75,17.5,22320.0,22320.0,22325.75,1.0,1.0,1.0,1.0,False,True,CPI,event,False,1.0,1.0,1.0,1.0,1.0
2024-07-12,2024,2024-07-11,21871.25,21871.75,0.5,21871.5,21871.5,21871.5,1.0,1.0,1.0,0.0,False,False,,,True,1.0,1.0,1.0,1.0,1.0
2024-07-15,2024,2024-07-12,21970.25,22043.0,72.75,22006.625,22006.75,21974.25,0.0,0.0,0.0,,False,False,,,True,1.0,1.0,0.0,0.0,0.0
2024-07-16,2024,2024-07-15,22034.25,22078.5,44.25,22056.375,22056.5,22046.5,1.0,1.0,1.0,17.0,False,False,,,True,1.0,1.0,1.0,1.0,1.0
2024-07-17,2024,2024-07-16,22030.5,21693.25,-337.25,21861.875,21862.0,21853.25,0.0,0.0,0.0,,False,False,,,True,1.0,0.0,0.0,0.0,0.0
2024-07-18,2024,2024-07-17,21434.0,21573.5,139.5,21503.75,21503.75,21566.75,1.0,1.0,1.0,12.0,False,False,,,True,1.0,1.0,1.0,1.0,0.0
2024-07-19,2024,2024-07-18,21328.5,21313.25,-15.25,21320.875,21321.0,21318.75,1.0,1.0,1.0,0.0,False,False,,,True,1.0,1.0,1.0,1.0,1.0
2024-07-22,2024,2024-07-19,21131.5,21380.25,248.75,21255.875,21256.0,21231.0,0.0,0.0,0.0,,False,False,,,True,1.0,1.0,0.0,0.0,0.0
2024-07-23,2024,2024-07-22,21420.75,21390.0,-30.75,21405.375,21405.5,21403.25,1.0,1.0,1.0,1.0,False,False,,,True,1.0,1.0,1.0,1.0,1.0
2024-07-24,2024,2024-07-23,21361.5,21076.0,-285.5,21218.75,21218.75,21200.75,0.0,0.0,0.0,,False,False,,,True,1.0,0.0,0.0,0.0,0.0
2024-07-25,2024,2024-07-24,20685.25,20654.5,-30.75,20669.875,20670.0,20664.0,0.0,0.0,0.0,,False,False,,,True,1.0,0.0,0.0,0.0,0.0
2024-07-26,2024,2024-07-25,20425.25,20593.25,168.0,20509.25,20509.25,20539.5,1.0,1.0,1.0,18.0,False,False,,,True,1.0,1.0,1.0,0.0,0.0
2024-07-29,2024,2024-07-26,20621.0,20713.75,92.75,20667.375,20667.5,20674.25,1.0,1.0,1.0,2.0,False,False,,,True,1.0,1.0,1.0,0.0,0.0
2024-07-30,2024,2024-07-29,20632.25,20721.5,89.25,20676.875,20677.0,20666.0,1.0,1.0,1.0,16.0,False,False,,,True,1.0,1.0,1.0,1.0,0.0
2024-07-31,2024,2024-07-30,20219.75,20806.5,586.75,20513.125,20513.25,20607.0,0.0,0.0,0.0,,False,True,FOMC,event,False,1.0,0.0,0.0,0.0,0.0
2024-08-01,2024,2024-07-31,20979.0,20957.5,-21.5,20968.25,20968.25,20963.75,1.0,1.0,1.0,1.0,False,False,,,True,1.0,1.0,1.0,1.0,1.0
2024-08-02,2024,2024-08-01,20375.75,20089.5,-286.25,20232.625,20232.75,20151.5,0.0,0.0,1.0,,False,True,NFP,event,False,1.0,1.0,0.0,0.0,0.0
2024-08-05,2024,2024-08-02,19979.25,19039.75,-939.5,19509.5,19509.5,19915.5,0.0,0.0,0.0,,False,False,,,True,1.0,1.0,0.0,0.0,0.0
2024-08-06,2024,2024-08-05,19509.75,19530.25,20.5,19520.0,19520.0,19511.25,1.0,1.0,1.0,0.0,False,False,,,True,1.0,1.0,1.0,1.0,1.0
2024-08-07,2024,2024-08-06,19580.75,19890.75,310.0,19735.75,19735.75,19784.25,0.0,0.0,0.0,,False,False,,,True,1.0,0.0,0.0,0.0,0.0
2024-08-08,2024,2024-08-07,19430.5,19664.0,233.5,19547.25,19547.25,19515.75,1.0,1.0,1.0,18.0,False,False,,,True,1.0,1.0,1.0,0.0,0.0
2024-08-09,2024,2024-08-08,19973.0,19880.25,-92.75,19926.625,19926.75,19931.25,1.0,1.0,1.0,3.0,False,False,,,True,1.0,1.0,1.0,1.0,0.0
2024-08-12,2024,2024-08-09,20047.0,20072.0,25.0,20059.5,20059.5,20048.25,1.0,1.0,1.0,10.0,False,False,,,True,1.0,1.0,1.0,1.0,1.0
2024-08-13,2024,2024-08-12,20072.5,20258.5,186.0,20165.5,20165.5,20199.0,0.0,0.0,0.0,,False,False,,,True,1.0,0.0,0.0,0.0,0.0
2024-08-14,2024,2024-08-13,20549.0,20559.0,10.0,20554.0,20554.0,20558.75,1.0,1.0,1.0,4.0,False,True,CPI,event,False,1.0,1.0,1.0,1.0,1.0
2024-08-15,2024,2024-08-14,20584.0,20781.5,197.5,20682.75,20682.75,20716.5,0.0,0.0,0.0,,False,False,,,True,1.0,0.0,0.0,0.0,0.0
2024-08-16,2024,2024-08-15,21006.75,20933.5,-73.25,20970.125,20970.25,20970.0,0.0,0.0,0.0,,False,False,,,True,1.0,1.0,0.0,0.0,0.0
2024-08-19,2024,2024-08-16,21052.75,21038.25,-14.5,21045.5,21045.5,21046.0,1.0,1.0,1.0,1.0,False,False,,,True,1.0,1.0,1.0,1.0,1.0
2024-08-20,2024,2024-08-19,21282.75,21251.25,-31.5,21267.0,21267.0,21252.25,1.0,1.0,1.0,1.0,False,False,,,True,1.0,1.0,1.0,1.0,1.0
2024-08-21,2024,2024-08-20,21260.25,21276.75,16.5,21268.5,21268.5,21275.0,1.0,1.0,1.0,1.0,False,False,,,True,1.0,1.0,1.0,1.0,1.0
2024-08-22,2024,2024-08-21,21347.75,21427.5,79.75,21387.625,21387.75,21351.25,1.0,1.0,0.0,21.0,False,False,,,True,1.0,1.0,1.0,0.0,0.0
2024-08-23,2024,2024-08-22,21047.25,21182.0,134.75,21114.625,21114.75,21082.0,0.0,0.0,0.0,,False,False,,,True,1.0,1.0,0.0,0.0,0.0
2024-08-26,2024,2024-08-23,21211.75,21203.5,-8.25,21207.625,21207.75,21207.25,1.0,1.0,1.0,3.0,False,False,,,True,1.0,1.0,1.0,1.0,1.0
2024-08-27,2024,2024-08-26,21005.5,20945.5,-60.0,20975.5,20975.5,20984.75,1.0,1.0,1.0,24.0,False,False,,,True,1.0,1.0,1.0,1.0,0.0
2024-08-28,2024,2024-08-27,21078.25,21052.0,-26.25,21065.125,21065.25,21057.5,1.0,1.0,1.0,1.0,False,False,,,True,1.0,1.0,1.0,1.0,1.0
2024-08-29,2024,2024-08-28,20839.5,20926.5,87.0,20883.0,20883.0,20897.75,0.0,0.0,0.0,,False,False,,,True,1.0,0.0,0.0,0.0,0.0
2024-08-30,2024,2024-08-29,20869.0,20994.25,125.25,20931.625,20931.75,20892.0,0.0,0.0,0.0,,False,False,,,True,1.0,1.0,0.0,0.0,0.0
2024-09-02,2024,2024-08-30,21028.25,21050.0,21.75,21039.125,21039.25,21043.5,0.0,0.0,0.0,,False,False,,,True,1.0,0.0,0.0,0.0,0.0
2024-09-03,2024,2024-09-02,,,,,,,,,,,False,False,,holiday_prior,False,,,,,
2024-09-04,2024,2024-09-03,20454.75,20307.5,-147.25,20381.125,20381.25,20433.0,1.0,1.0,0.0,12.0,False,False,,,True,1.0,1.0,1.0,1.0,0.0
2024-09-05,2024,2024-09-04,20371.0,20319.75,-51.25,20345.375,20345.5,20361.5,1.0,1.0,1.0,1.0,False,False,,,True,1.0,1.0,1.0,1.0,1.0
2024-09-06,2024,2024-09-05,20419.25,20360.5,-58.75,20389.875,20390.0,20413.5,1.0,1.0,0.0,1.0,False,True,NFP,event,False,1.0,1.0,1.0,0.0,0.0
2024-09-09,2024,2024-09-06,19864.5,20059.25,194.75,19961.875,19962.0,19954.5,0.0,0.0,0.0,,False,False,,,True,1.0,0.0,0.0,0.0,0.0
2024-09-10,2024,2024-09-09,20126.5,20192.75,66.25,20159.625,20159.75,20132.75,1.0,1.0,0.0,10.0,False,False,,,True,1.0,1.0,1.0,0.0,0.0
2024-09-11,2024,2024-09-10,20280.25,20336.75,56.5,20308.5,20308.5,20333.25,1.0,1.0,1.0,1.0,False,True,CPI,event,False,1.0,1.0,1.0,1.0,1.0
2024-09-12,2024,2024-09-11,20684.25,20695.5,11.25,20689.875,20690.0,20686.75,1.0,1.0,1.0,0.0,False,False,,,True,1.0,1.0,1.0,1.0,1.0
2024-09-13,2024,2024-09-12,20852.5,20861.75,9.25,20857.125,20857.25,20853.5,1.0,1.0,1.0,0.0,False,False,,,True,1.0,1.0,1.0,1.0,1.0
2024-09-16,2024,2024-09-13,20940.75,20864.25,-76.5,20902.5,20902.5,20883.25,0.0,0.0,1.0,,False,False,,,True,1.0,1.0,0.0,0.0,0.0
2024-09-17,2024,2024-09-16,20858.0,20986.5,128.5,20922.25,20922.25,20902.5,1.0,1.0,0.0,24.0,False,False,,,True,1.0,1.0,1.0,0.0,0.0
2024-09-18,2024,2024-09-17,20885.75,20931.0,45.25,20908.375,20908.5,20906.25,1.0,1.0,1.0,2.0,False,True,FOMC,event,False,1.0,1.0,1.0,1.0,1.0
2024-09-19,2024,2024-09-18,20832.5,21246.75,414.25,21039.625,21039.75,21179.0,0.0,0.0,1.0,,False,False,,,True,1.0,0.0,0.0,0.0,0.0
2024-09-20,2024,2024-09-19,21261.25,21235.5,-25.75,21248.375,21248.5,21248.75,1.0,1.0,1.0,1.0,False,False,,,True,1.0,1.0,1.0,1.0,1.0
2024-09-23,2024,2024-09-20,21206.25,21276.0,69.75,21241.125,21241.25,21250.75,1.0,1.0,1.0,3.0,False,False,,,True,1.0,1.0,1.0,0.0,0.0
2024-09-24,2024,2024-09-23,21268.5,21338.0,69.5,21303.25,21303.25,21290.25,1.0,1.0,1.0,5.0,False,False,,,True,1.0,1.0,1.0,1.0,0.0
2024-09-25,2024,2024-09-24,21373.0,21343.0,-30.0,21358.0,21358.0,21366.0,1.0,1.0,1.0,1.0,False,False,,,True,1.0,1.0,1.0,1.0,1.0
2024-09-26,2024,2024-09-25,21432.0,21705.75,273.75,21568.875,21569.0,21438.75,0.0,0.0,0.0,,False,False,,,True,1.0,1.0,0.0,0.0,0.0
2024-09-27,2024,2024-09-26,21547.5,21577.25,29.75,21562.375,21562.5,21558.0,1.0,1.0,1.0,1.0,False,False,,,True,1.0,1.0,1.0,1.0,1.0
2024-09-30,2024,2024-09-27,21401.0,21377.0,-24.0,21389.0,21389.0,21394.25,1.0,1.0,1.0,2.0,False,False,,,True,1.0,1.0,1.0,1.0,1.0
2024-10-01,2024,2024-09-30,21448.25,21449.0,0.75,21448.625,21448.75,21448.5,1.0,1.0,1.0,0.0,False,False,,,True,1.0,1.0,1.0,1.0,1.0
2024-10-02,2024,2024-10-01,21186.25,21136.0,-50.25,21161.125,21161.25,21169.5,1.0,1.0,0.0,3.0,False,False,,,True,1.0,1.0,1.0,0.0,0.0
2024-10-03,2024,2024-10-02,21238.5,21102.25,-136.25,21170.375,21170.5,21156.0,1.0,1.0,1.0,5.0,False,False,,,True,1.0,1.0,1.0,1.0,1.0
2024-10-04,2024,2024-10-03,21197.25,21427.0,229.75,21312.125,21312.25,21423.75,1.0,1.0,1.0,27.0,False,True,NFP,event,False,1.0,1.0,1.0,0.0,0.0
2024-10-07,2024,2024-10-04,21418.5,21329.75,-88.75,21374.125,21374.25,21394.5,0.0,0.0,0.0,,False,False,,,True,1.0,1.0,0.0,0.0,0.0
2024-10-08,2024,2024-10-07,21211.0,21291.5,80.5,21251.25,21251.25,21226.5,0.0,0.0,0.0,,False,False,,,True,1.0,1.0,0.0,0.0,0.0
2024-10-09,2024,2024-10-08,21484.75,21484.75,0.0,21484.75,21484.75,21484.75,1.0,1.0,1.0,0.0,True,False,,flat_gap,False,1.0,1.0,1.0,1.0,1.0
2024-10-10,2024,2024-10-09,21635.75,21556.5,-79.25,21596.125,21596.25,21588.75,0.0,0.0,0.0,,False,True,CPI,event,False,1.0,1.0,0.0,0.0,0.0
2024-10-11,2024,2024-10-10,21616.25,21543.0,-73.25,21579.625,21579.75,21614.0,0.0,0.0,0.0,,False,False,,,True,1.0,1.0,0.0,0.0,0.0
2024-10-14,2024,2024-10-11,21624.5,21748.5,124.0,21686.5,21686.5,21694.0,0.0,0.0,0.0,,False,False,,,True,1.0,0.0,0.0,0.0,0.0
2024-10-15,2024,2024-10-14,21814.75,21831.5,16.75,21823.125,21823.25,21815.25,1.0,1.0,1.0,1.0,False,False,,,True,1.0,1.0,1.0,1.0,1.0
2024-10-16,2024,2024-10-15,21526.25,21556.25,30.0,21541.25,21541.25,21543.0,1.0,1.0,1.0,1.0,False,False,,,True,1.0,1.0,1.0,1.0,1.0
2024-10-17,2024,2024-10-16,21532.25,21772.5,240.25,21652.375,21652.5,21557.0,1.0,1.0,0.0,6.0,False,False,,,True,1.0,1.0,1.0,0.0,0.0
2024-10-18,2024,2024-10-17,21602.5,21694.75,92.25,21648.625,21648.75,21640.0,1.0,1.0,1.0,1.0,False,False,,,True,1.0,1.0,1.0,0.0,0.0
2024-10-21,2024,2024-10-18,21692.0,21617.25,-74.75,21654.625,21654.75,21686.25,1.0,1.0,1.0,1.0,False,False,,,True,1.0,1.0,1.0,1.0,1.0
2024-10-22,2024,2024-10-21,21728.75,21591.25,-137.5,21660.0,21660.0,21693.75,1.0,1.0,0.0,16.0,False,False,,,True,1.0,1.0,1.0,0.0,0.0
2024-10-23,2024,2024-10-22,21719.0,21632.25,-86.75,21675.625,21675.75,21706.0,0.0,0.0,0.0,,False,False,,,True,1.0,1.0,0.0,0.0,0.0
2024-10-24,2024,2024-10-23,21454.0,21568.0,114.0,21511.0,21511.0,21538.0,1.0,1.0,1.0,2.0,False,False,,,True,1.0,1.0,1.0,0.0,0.0
2024-10-25,2024,2024-10-24,21606.0,21691.25,85.25,21648.625,21648.75,21647.75,0.0,0.0,0.0,,False,False,,,True,1.0,0.0,0.0,0.0,0.0
2024-10-28,2024,2024-10-25,21677.5,21819.75,142.25,21748.625,21748.75,21699.25,1.0,1.0,0.0,20.0,False,False,,,True,1.0,1.0,1.0,0.0,0.0
2024-10-29,2024,2024-10-28,21701.75,21708.0,6.25,21704.875,21705.0,21703.0,1.0,1.0,1.0,1.0,False,False,,,True,1.0,1.0,1.0,1.0,1.0
2024-10-30,2024,2024-10-29,21948.0,21850.75,-97.25,21899.375,21899.5,21937.5,0.0,0.0,0.0,,False,False,,,True,1.0,0.0,0.0,0.0,0.0
2024-10-31,2024,2024-10-30,21692.25,21574.0,-118.25,21633.125,21633.25,21587.5,0.0,0.0,0.0,,False,False,,,True,1.0,0.0,0.0,0.0,0.0
2024-11-01,2024,2024-10-31,21245.25,21277.25,32.0,21261.25,21261.25,21270.5,1.0,1.0,1.0,1.0,False,True,NFP,event,False,1.0,1.0,1.0,0.0,0.0
2024-11-04,2024,2024-11-01,21379.0,21315.75,-63.25,21347.375,21347.5,21377.25,0.0,0.0,0.0,,False,False,,,True,1.0,1.0,0.0,0.0,0.0
2024-11-05,2024,2024-11-04,21297.25,21351.0,53.75,21324.125,21324.25,21314.0,0.0,0.0,0.0,,False,False,,,True,1.0,0.0,0.0,0.0,0.0
2024-11-06,2024,2024-11-05,21576.25,21873.25,297.0,21724.75,21724.75,21846.25,0.0,0.0,1.0,,False,False,,,True,1.0,0.0,0.0,0.0,0.0
2024-11-07,2024,2024-11-06,22090.0,22204.75,114.75,22147.375,22147.5,22133.75,0.0,0.0,0.0,,False,True,FOMC,event,False,1.0,0.0,0.0,0.0,0.0
2024-11-08,2024,2024-11-07,22439.75,22383.25,-56.5,22411.5,22411.5,22383.75,1.0,1.0,1.0,1.0,False,False,,,True,1.0,1.0,1.0,1.0,0.0
2024-11-11,2024,2024-11-08,22431.25,22482.0,50.75,22456.625,22456.75,22455.25,1.0,1.0,1.0,9.0,False,False,,,True,1.0,1.0,1.0,1.0,1.0
2024-11-12,2024,2024-11-11,22414.75,22410.75,-4.0,22412.75,22412.75,22412.0,1.0,1.0,1.0,0.0,False,False,,,True,1.0,1.0,1.0,1.0,1.0
2024-11-13,2024,2024-11-12,22389.25,22356.5,-32.75,22372.875,22373.0,22358.5,1.0,1.0,1.0,1.0,False,True,CPI,event,False,1.0,1.0,1.0,1.0,0.0
2024-11-14,2024,2024-11-13,22371.5,22330.0,-41.5,22350.75,22350.75,22364.75,1.0,1.0,1.0,1.0,False,False,,,True,1.0,1.0,1.0,1.0,1.0
2024-11-15,2024,2024-11-14,22156.75,21966.0,-190.75,22061.375,22061.5,22052.5,0.0,0.0,0.0,,False,False,,,True,1.0,0.0,0.0,0.0,0.0
2024-11-18,2024,2024-11-15,21695.0,21766.75,71.75,21730.875,21731.0,21713.0,1.0,1.0,1.0,1.0,False,False,,,True,1.0,1.0,1.0,1.0,0.0
2024-11-19,2024,2024-11-18,21832.75,21713.25,-119.5,21773.0,21773.0,21792.75,1.0,1.0,0.0,11.0,False,False,,,True,1.0,1.0,1.0,0.0,0.0
2024-11-20,2024,2024-11-19,21982.5,21950.25,-32.25,21966.375,21966.5,21958.0,0.0,0.0,0.0,,False,False,,,True,1.0,0.0,0.0,0.0,0.0
2024-11-21,2024,2024-11-20,21961.75,22071.75,110.0,22016.75,22016.75,22022.0,1.0,1.0,1.0,5.0,False,False,,,True,1.0,1.0,1.0,1.0,1.0
2024-11-22,2024,2024-11-21,22007.75,21987.75,-20.0,21997.75,21997.75,21992.0,1.0,1.0,1.0,1.0,False,False,,,True,1.0,1.0,1.0,1.0,1.0
2024-11-25,2024,2024-11-22,22052.25,22214.25,162.0,22133.25,22133.25,22054.0,1.0,1.0,0.0,24.0,False,False,,,True,1.0,1.0,1.0,0.0,0.0
2024-11-26,2024,2024-11-25,22095.25,22130.5,35.25,22112.875,22113.0,22114.25,0.0,0.0,0.0,,False,False,,,True,1.0,0.0,0.0,0.0,0.0
2024-11-27,2024,2024-11-26,22199.0,22131.75,-67.25,22165.375,22165.5,22134.75,0.0,0.0,1.0,,False,False,,,True,1.0,0.0,0.0,0.0,0.0
2024-11-28,2024,2024-11-27,22011.25,22072.5,61.25,22041.875,22042.0,22055.25,0.0,0.0,0.0,,False,False,,,True,1.0,0.0,0.0,0.0,0.0
2024-11-29,2024,2024-11-28,,,,,,,,,,,False,False,,holiday_prior,False,,,,,
2024-12-02,2024,2024-11-29,,,,,,,,,,,False,False,,early_close_prior,False,,,,,
2024-12-03,2024,2024-12-02,22429.0,22355.25,-73.75,22392.125,22392.25,22359.5,1.0,1.0,1.0,7.0,False,False,,,True,1.0,1.0,1.0,0.0,0.0
2024-12-04,2024,2024-12-03,22506.0,22627.75,121.75,22566.875,22567.0,22602.0,0.0,0.0,1.0,,False,False,,,True,1.0,1.0,0.0,0.0,0.0
2024-12-05,2024,2024-12-04,22718.0,22732.5,14.5,22725.25,22725.25,22728.0,1.0,1.0,1.0,1.0,False,False,,,True,1.0,1.0,1.0,1.0,1.0
2024-12-06,2024,2024-12-05,22652.25,22698.75,46.5,22675.5,22675.5,22673.5,0.0,0.0,0.0,,False,True,NFP,event,False,1.0,1.0,0.0,0.0,0.0
2024-12-09,2024,2024-12-06,22841.25,22816.25,-25.0,22828.75,22828.75,22841.0,1.0,1.0,1.0,2.0,False,False,,,True,1.0,1.0,1.0,1.0,1.0
2024-12-10,2024,2024-12-09,22672.25,22732.0,59.75,22702.125,22702.25,22702.5,0.0,0.0,0.0,,False,False,,,True,1.0,1.0,0.0,0.0,0.0
2024-12-11,2024,2024-12-10,22623.75,22781.75,158.0,22702.75,22702.75,22744.5,0.0,0.0,0.0,,False,True,CPI,event,False,1.0,0.0,0.0,0.0,0.0
2024-12-12,2024,2024-12-11,22965.75,22893.25,-72.5,22929.5,22929.5,22939.5,0.0,0.0,0.0,,False,False,,,True,1.0,0.0,0.0,0.0,0.0
2024-12-13,2024,2024-12-12,22815.25,22988.0,172.75,22901.625,22901.75,22983.25,0.0,0.0,0.0,,False,False,,,True,1.0,0.0,0.0,0.0,0.0
2024-12-16,2024,2024-12-13,22975.0,23096.5,121.5,23035.75,23035.75,23030.75,0.0,0.0,0.0,,False,False,,,True,1.0,0.0,0.0,0.0,0.0
2024-12-17,2024,2024-12-16,23313.5,23245.25,-68.25,23279.375,23279.5,23262.0,0.0,0.0,1.0,,False,False,,,True,1.0,1.0,0.0,0.0,0.0
2024-12-18,2024,2024-12-17,23212.5,23191.0,-21.5,23201.75,23201.75,23208.75,1.0,1.0,1.0,1.0,False,True,FOMC,event,False,1.0,1.0,1.0,1.0,1.0
2024-12-19,2024,2024-12-18,22348.5,22591.0,242.5,22469.75,22469.75,22536.75,1.0,1.0,1.0,26.0,False,False,,,True,1.0,1.0,1.0,0.0,0.0
2024-12-20,2024,2024-12-19,22275.0,22122.75,-152.25,22198.875,22199.0,22139.5,1.0,1.0,1.0,10.0,False,False,,,True,1.0,1.0,1.0,0.0,0.0
2024-12-23,2024,2024-12-20,22473.5,22527.5,54.0,22500.5,22500.5,22510.5,1.0,1.0,1.0,17.0,False,False,,,True,1.0,1.0,1.0,1.0,1.0
2024-12-24,2024,2024-12-23,22653.0,22734.25,81.25,22693.625,22693.75,22732.0,0.0,0.0,1.0,,False,False,,,True,1.0,1.0,0.0,0.0,0.0
2024-12-26,2024,2024-12-24,,,,,,,,,,,False,False,,early_close_prior,False,,,,,
2024-12-27,2024,2024-12-26,22915.75,22758.5,-157.25,22837.125,22837.25,22874.25,0.0,0.0,0.0,,False,False,,,True,1.0,0.0,0.0,0.0,0.0
2024-12-30,2024,2024-12-27,22633.25,22321.25,-312.0,22477.25,22477.25,22608.0,0.0,0.0,0.0,,False,False,,,True,1.0,0.0,0.0,0.0,0.0
2024-12-31,2024,2024-12-30,22291.0,22376.75,85.75,22333.875,22334.0,22336.0,1.0,1.0,1.0,8.0,False,False,,,True,1.0,1.0,1.0,1.0,1.0
2025-01-02,2025,2024-12-31,22153.75,22264.25,110.5,22209.0,22209.0,22247.75,1.0,1.0,1.0,4.0,False,False,,,True,1.0,1.0,1.0,1.0,1.0
2025-01-03,2025,2025-01-02,22092.25,22208.0,115.75,22150.125,22150.25,22112.25,0.0,0.0,0.0,,False,False,,,True,1.0,0.0,0.0,0.0,0.0
2025-01-06,2025,2025-01-03,22401.25,22638.25,237.0,22519.75,22519.75,22474.5,0.0,0.0,0.0,,False,False,,,True,1.0,0.0,0.0,0.0,0.0
2025-01-07,2025,2025-01-06,22693.75,22704.5,10.75,22699.125,22699.25,22703.25,1.0,1.0,1.0,1.0,False,False,,,True,1.0,1.0,1.0,1.0,1.0
2025-01-08,2025,2025-01-07,22299.25,22272.25,-27.0,22285.75,22285.75,22288.5,1.0,1.0,1.0,5.0,False,False,,,True,1.0,1.0,1.0,1.0,0.0
2025-01-09,2025,2025-01-08,22259.0,22214.25,-44.75,22236.625,22236.75,22217.75,0.0,0.0,0.0,,False,False,,,True,1.0,0.0,0.0,0.0,0.0
2025-01-10,2025,2025-01-09,,,,,,,,,,,False,True,NFP,missing_1614,False,,,,,
2025-01-13,2025,2025-01-10,21918.25,21681.25,-237.0,21799.75,21799.75,21725.25,0.0,0.0,1.0,,False,False,,,True,1.0,1.0,0.0,0.0,0.0
2025-01-14,2025,2025-01-13,21880.5,21992.75,112.25,21936.625,21936.75,21923.75,1.0,1.0,1.0,2.0,False,False,,,True,1.0,1.0,1.0,1.0,1.0
2025-01-15,2025,2025-01-14,21890.5,22163.0,272.5,22026.75,22026.75,22058.25,0.0,0.0,0.0,,False,True,CPI,event,False,1.0,0.0,0.0,0.0,0.0
2025-01-16,2025,2025-01-15,22291.25,22402.25,111.0,22346.75,22346.75,22321.25,1.0,1.0,1.0,3.0,False,False,,,True,1.0,1.0,1.0,1.0,1.0
2025-01-17,2025,2025-01-16,22110.0,22568.5,458.5,22339.25,22339.25,22425.75,0.0,0.0,1.0,,False,False,,,True,1.0,1.0,0.0,0.0,0.0
2025-01-20,2025,2025-01-17,22493.5,22634.0,140.5,22563.75,22563.75,22512.25,0.0,0.0,0.0,,False,False,,,True,1.0,0.0,0.0,0.0,0.0
2025-01-21,2025,2025-01-20,,,,,,,,,,,False,False,,holiday_prior,False,,,,,
2025-01-22,2025,2025-01-21,22666.25,22824.25,158.0,22745.25,22745.25,22728.0,0.0,0.0,0.0,,False,False,,,True,1.0,0.0,0.0,0.0,0.0
2025-01-23,2025,2025-01-22,22893.0,22794.0,-99.0,22843.5,22843.5,22880.5,0.0,0.0,0.0,,False,False,,,True,1.0,1.0,0.0,0.0,0.0
2025-01-24,2025,2025-01-23,22943.5,22957.5,14.0,22950.5,22950.5,22955.75,1.0,1.0,1.0,1.0,False,False,,,True,1.0,1.0,1.0,1.0,1.0
2025-01-27,2025,2025-01-24,22804.75,22030.25,-774.5,22417.5,22417.5,22411.75,0.0,0.0,0.0,,False,False,,,True,1.0,1.0,0.0,0.0,0.0
2025-01-28,2025,2025-01-27,22201.5,22210.0,8.5,22205.75,22205.75,22207.0,1.0,1.0,1.0,0.0,False,False,,,True,1.0,1.0,1.0,1.0,1.0
2025-01-29,2025,2025-01-28,22477.0,22518.75,41.75,22497.875,22498.0,22505.75,1.0,1.0,1.0,1.0,False,True,FOMC,event,False,1.0,1.0,1.0,1.0,1.0
2025-01-30,2025,2025-01-29,22395.0,22573.0,178.0,22484.0,22484.0,22515.75,0.0,0.0,1.0,,False,False,,,True,1.0,1.0,0.0,0.0,0.0
2025-01-31,2025,2025-01-30,22547.0,22687.75,140.75,22617.375,22617.5,22597.25,0.0,0.0,0.0,,False,False,,,True,1.0,0.0,0.0,0.0,0.0
2025-02-03,2025,2025-01-31,22469.75,22113.0,-356.75,22291.375,22291.5,22273.25,0.0,0.0,0.0,,False,False,,,True,1.0,1.0,0.0,0.0,0.0
2025-02-04,2025,2025-02-03,22344.5,22340.5,-4.0,22342.5,22342.5,22343.75,1.0,1.0,1.0,0.0,False,False,,,True,1.0,1.0,1.0,1.0,1.0
2025-02-05,2025,2025-02-04,22534.5,22465.75,-68.75,22500.125,22500.25,22533.0,1.0,1.0,0.0,19.0,False,False,,,True,1.0,1.0,1.0,0.0,0.0
2025-02-06,2025,2025-02-05,22688.75,22690.0,1.25,22689.375,22689.5,22689.75,1.0,1.0,1.0,0.0,False,False,,,True,1.0,1.0,1.0,1.0,1.0
2025-02-07,2025,2025-02-06,22742.75,22800.5,57.75,22771.625,22771.75,22794.5,0.0,0.0,1.0,,False,True,NFP,event,False,1.0,1.0,0.0,0.0,0.0
2025-02-10,2025,2025-02-07,22503.5,22673.0,169.5,22588.25,22588.25,22663.25,0.0,0.0,1.0,,False,False,,,True,1.0,0.0,0.0,0.0,0.0
2025-02-11,2025,2025-02-10,22737.25,22614.75,-122.5,22676.0,22676.0,22642.0,1.0,1.0,1.0,4.0,False,False,,,True,1.0,1.0,1.0,1.0,0.0
2025-02-12,2025,2025-02-11,22702.75,22466.75,-236.0,22584.75,22584.75,22567.25,1.0,1.0,1.0,17.0,False,True,CPI,event,False,1.0,1.0,1.0,0.0,0.0
2025-02-13,2025,2025-02-12,22738.75,22780.25,41.5,22759.5,22759.5,22770.75,1.0,1.0,1.0,9.0,False,False,,,True,1.0,1.0,1.0,1.0,0.0
2025-02-14,2025,2025-02-13,22996.25,23029.5,33.25,23012.875,23013.0,23022.75,1.0,1.0,1.0,1.0,False,False,,,True,1.0,1.0,1.0,1.0,0.0
2025-02-17,2025,2025-02-14,23119.25,23152.75,33.5,23136.0,23136.0,23137.5,1.0,1.0,1.0,2.0,False,False,,,True,1.0,1.0,1.0,1.0,1.0
2025-02-18,2025,2025-02-17,,,,,,,,,,,False,False,,holiday_prior,False,,,,,
2025-02-19,2025,2025-02-18,23138.5,23117.25,-21.25,23127.875,23128.0,23118.25,1.0,1.0,1.0,6.0,False,False,,,True,1.0,1.0,1.0,1.0,0.0
2025-02-20,2025,2025-02-19,23129.0,23125.0,-4.0,23127.0,23127.0,23125.5,1.0,1.0,1.0,0.0,False,False,,,True,1.0,1.0,1.0,1.0,1.0
2025-02-21,2025,2025-02-20,23044.75,23114.5,69.75,23079.625,23079.75,23048.75,1.0,1.0,1.0,1.0,False,False,,,True,1.0,1.0,1.0,1.0,1.0
2025-02-24,2025,2025-02-21,22598.5,22669.25,70.75,22633.875,22634.0,22652.75,1.0,1.0,1.0,6.0,False,False,,,True,1.0,1.0,1.0,1.0,1.0
2025-02-25,2025,2025-02-24,22354.25,22295.0,-59.25,22324.625,22324.75,22300.0,0.0,0.0,1.0,,False,False,,,True,1.0,1.0,0.0,0.0,0.0
2025-02-26,2025,2025-02-25,22102.75,22152.25,49.5,22127.5,22127.5,22108.75,1.0,1.0,1.0,1.0,False,False,,,True,1.0,1.0,1.0,1.0,1.0
2025-02-27,2025,2025-02-26,22135.5,22250.25,114.75,22192.875,22193.0,22202.0,1.0,1.0,1.0,11.0,False,False,,,True,1.0,1.0,1.0,1.0,1.0
2025-02-28,2025,2025-02-27,21521.25,21491.0,-30.25,21506.125,21506.25,21511.75,1.0,1.0,1.0,1.0,False,False,,,True,1.0,1.0,1.0,1.0,1.0
2025-03-03,2025,2025-02-28,21816.25,21969.25,153.0,21892.75,21892.75,21932.25,1.0,1.0,1.0,10.0,False,False,,,True,1.0,1.0,1.0,1.0,1.0
2025-03-04,2025,2025-03-03,21402.75,21243.75,-159.0,21323.25,21323.25,21307.75,1.0,1.0,1.0,8.0,False,False,,,True,1.0,1.0,1.0,0.0,0.0
2025-03-05,2025,2025-03-04,21414.75,21341.5,-73.25,21378.125,21378.25,21350.0,0.0,0.0,1.0,,False,False,,,True,1.0,1.0,0.0,0.0,0.0
2025-03-06,2025,2025-03-05,21510.25,21226.75,-283.5,21368.5,21368.5,21293.5,0.0,0.0,0.0,,False,False,,,True,1.0,0.0,0.0,0.0,0.0
2025-03-07,2025,2025-03-06,21031.5,20947.25,-84.25,20989.375,20989.5,20960.5,1.0,1.0,1.0,2.0,False,True,NFP,event,False,1.0,1.0,1.0,1.0,1.0
2025-03-10,2025,2025-03-07,21109.0,20791.75,-317.25,20950.375,20950.5,20954.5,0.0,0.0,0.0,,False,False,,,True,1.0,0.0,0.0,0.0,0.0
2025-03-11,2025,2025-03-10,20368.25,20343.25,-25.0,20355.75,20355.75,20355.0,1.0,1.0,1.0,1.0,False,False,,,True,1.0,1.0,1.0,1.0,1.0
2025-03-12,2025,2025-03-11,20353.0,20603.75,250.75,20478.375,20478.5,20414.25,0.0,0.0,0.0,,False,True,CPI,event,False,1.0,1.0,0.0,0.0,0.0
2025-03-13,2025,2025-03-12,20489.75,20483.0,-6.75,20486.375,20486.5,20487.5,1.0,1.0,1.0,0.0,False,False,,,True,1.0,1.0,1.0,1.0,0.0
2025-03-14,2025,2025-03-13,20225.5,20383.0,157.5,20304.25,20304.25,20247.0,0.0,0.0,0.0,,False,False,,,True,1.0,0.0,0.0,0.0,0.0
2025-03-17,2025,2025-03-14,20575.0,20609.75,34.75,20592.375,20592.5,20603.75,0.0,0.0,1.0,,False,False,,,True,1.0,0.0,0.0,0.0,0.0
2025-03-18,2025,2025-03-17,20732.25,20603.5,-128.75,20667.875,20668.0,20683.0,0.0,0.0,0.0,,False,False,,,True,1.0,0.0,0.0,0.0,0.0
2025-03-19,2025,2025-03-18,20432.0,20493.25,61.25,20462.625,20462.75,20456.0,1.0,1.0,1.0,7.0,False,True,FOMC,event,False,1.0,1.0,1.0,1.0,1.0
2025-03-20,2025,2025-03-19,20674.25,20497.25,-177.0,20585.75,20585.75,20625.5,1.0,1.0,1.0,6.0,False,False,,,True,1.0,1.0,1.0,1.0,0.0
2025-03-21,2025,2025-03-20,20615.5,20360.75,-254.75,20488.125,20488.25,20593.75,0.0,0.0,0.0,,False,False,,,True,1.0,1.0,0.0,0.0,0.0
2025-03-24,2025,2025-03-21,20664.0,20970.75,306.75,20817.375,20817.5,20789.5,0.0,0.0,0.0,,False,False,,,True,1.0,0.0,0.0,0.0,0.0
2025-03-25,2025,2025-03-24,21080.75,21108.75,28.0,21094.75,21094.75,21084.5,1.0,1.0,1.0,1.0,False,False,,,True,1.0,1.0,1.0,1.0,1.0
2025-03-26,2025,2025-03-25,21210.75,21149.25,-61.5,21180.0,21180.0,21181.75,1.0,1.0,1.0,9.0,False,False,,,True,1.0,1.0,1.0,0.0,0.0
2025-03-27,2025,2025-03-26,20820.5,20732.25,-88.25,20776.375,20776.5,20759.0,1.0,1.0,1.0,2.0,False,False,,,True,1.0,1.0,1.0,1.0,0.0
2025-03-28,2025,2025-03-27,20713.75,20611.5,-102.25,20662.625,20662.75,20634.75,0.0,0.0,1.0,,False,False,,,True,1.0,1.0,0.0,0.0,0.0
2025-03-31,2025,2025-03-28,20120.75,19876.0,-244.75,19998.375,19998.5,20036.5,0.0,0.0,0.0,,False,False,,,True,1.0,0.0,0.0,0.0,0.0
2025-04-01,2025,2025-03-31,20127.75,20091.0,-36.75,20109.375,20109.5,20107.5,1.0,1.0,1.0,3.0,False,False,,,True,1.0,1.0,1.0,1.0,1.0
2025-04-02,2025,2025-04-01,20315.75,20043.75,-272.0,20179.75,20179.75,20048.5,1.0,1.0,1.0,7.0,False,False,,,True,1.0,1.0,1.0,1.0,0.0
2025-04-03,2025,2025-04-02,20634.0,19620.5,-1013.5,20127.25,20127.25,19979.75,0.0,0.0,0.0,,False,False,,,True,1.0,0.0,0.0,0.0,0.0
2025-04-04,2025,2025-04-03,19396.5,18900.75,-495.75,19148.625,19148.75,19057.5,0.0,0.0,0.0,,False,True,NFP,event,False,1.0,0.0,0.0,0.0,0.0
2025-04-07,2025,2025-04-04,18196.25,17626.25,-570.0,17911.25,17911.25,18049.75,1.0,1.0,0.0,28.0,False,False,,,True,1.0,1.0,1.0,0.0,0.0
2025-04-08,2025,2025-04-07,18420.5,18861.75,441.25,18641.125,18641.25,18671.0,0.0,0.0,0.0,,False,False,,,True,1.0,0.0,0.0,0.0,0.0
2025-04-09,2025,2025-04-08,17946.5,17902.75,-43.75,17924.625,17924.75,17945.75,1.0,1.0,1.0,0.0,False,False,,,True,1.0,1.0,1.0,1.0,1.0
2025-04-10,2025,2025-04-09,19961.75,19495.0,-466.75,19728.375,19728.5,19802.5,0.0,0.0,0.0,,False,True,CPI,event,False,1.0,0.0,0.0,0.0,0.0
2025-04-11,2025,2025-04-10,19246.25,19130.25,-116.0,19188.25,19188.25,19239.0,1.0,1.0,1.0,10.0,False,False,,,True,1.0,1.0,1.0,1.0,1.0
2025-04-14,2025,2025-04-11,19516.5,19940.5,424.0,19728.5,19728.5,19888.5,1.0,1.0,1.0,14.0,False,False,,,True,1.0,1.0,1.0,0.0,0.0
2025-04-15,2025,2025-04-14,19635.25,19682.75,47.5,19659.0,19659.0,19673.0,0.0,0.0,0.0,,False,False,,,True,1.0,0.0,0.0,0.0,0.0
2025-04-16,2025,2025-04-15,19672.25,19289.0,-383.25,19480.625,19480.75,19630.5,0.0,0.0,0.0,,False,False,,,True,1.0,1.0,0.0,0.0,0.0
2025-04-17,2025,2025-04-16,19129.75,19201.25,71.5,19165.5,19165.5,19188.75,1.0,1.0,1.0,2.0,False,False,,,True,1.0,1.0,1.0,1.0,1.0
2025-04-21,2025,2025-04-17,19119.75,18827.75,-292.0,18973.75,18973.75,19103.25,0.0,0.0,0.0,,False,False,,,True,1.0,0.0,0.0,0.0,0.0
2025-04-22,2025,2025-04-21,18616.75,18856.75,240.0,18736.75,18736.75,18648.75,0.0,0.0,0.0,,False,False,,,True,1.0,0.0,0.0,0.0,0.0
2025-04-23,2025,2025-04-22,19078.25,19656.75,578.5,19367.5,19367.5,19228.25,0.0,0.0,0.0,,False,False,,,True,1.0,0.0,0.0,0.0,0.0
2025-04-24,2025,2025-04-23,19507.25,19570.5,63.25,19538.875,19539.0,19541.75,0.0,0.0,0.0,,False,False,,,True,1.0,0.0,0.0,0.0,0.0
2025-04-25,2025,2025-04-24,20054.5,20005.5,-49.0,20030.0,20030.0,20028.75,1.0,1.0,1.0,1.0,False,False,,,True,1.0,1.0,1.0,1.0,1.0
2025-04-28,2025,2025-04-25,20255.5,20261.0,5.5,20258.25,20258.25,20257.75,1.0,1.0,1.0,0.0,False,False,,,True,1.0,1.0,1.0,1.0,1.0
2025-04-29,2025,2025-04-28,20197.5,20129.5,-68.0,20163.5,20163.5,20188.5,1.0,1.0,1.0,2.0,False,False,,,True,1.0,1.0,1.0,1.0,1.0
2025-04-30,2025,2025-04-29,20333.5,20009.25,-324.25,20171.375,20171.5,20138.25,0.0,0.0,0.0,,False,False,,,True,1.0,0.0,0.0,0.0,0.0
2025-05-01,2025,2025-04-30,20487.5,20679.75,192.25,20583.625,20583.75,20614.5,1.0,0.0,1.0,30.0,False,False,,,True,1.0,1.0,1.0,0.0,0.0
2025-05-02,2025,2025-05-01,20513.75,20792.5,278.75,20653.125,20653.25,20637.5,0.0,0.0,0.0,,False,True,NFP,event,False,1.0,0.0,0.0,0.0,0.0
2025-05-05,2025,2025-05-02,20908.75,20723.75,-185.0,20816.25,20816.25,20726.75,0.0,0.0,1.0,,False,False,,,True,1.0,1.0,0.0,0.0,0.0
2025-05-06,2025,2025-05-05,20737.75,20501.25,-236.5,20619.5,20619.5,20686.0,0.0,0.0,0.0,,False,False,,,True,1.0,1.0,0.0,0.0,0.0
2025-05-07,2025,2025-05-06,20585.25,20603.75,18.5,20594.5,20594.5,20591.0,1.0,1.0,1.0,1.0,False,True,FOMC,event,False,1.0,1.0,1.0,1.0,1.0
2025-05-08,2025,2025-05-07,20677.25,20869.25,192.0,20773.25,20773.25,20788.5,1.0,1.0,1.0,20.0,False,False,,,True,1.0,1.0,1.0,0.0,0.0
2025-05-09,2025,2025-05-08,20861.5,20937.25,75.75,20899.375,20899.5,20905.25,0.0,0.0,0.0,,False,False,,,True,1.0,1.0,0.0,0.0,0.0
2025-05-12,2025,2025-05-09,20838.0,21634.25,796.25,21236.125,21236.25,21087.5,0.0,0.0,0.0,,False,False,,,True,1.0,0.0,0.0,0.0,0.0
2025-05-13,2025,2025-05-12,21651.25,21704.5,53.25,21677.875,21678.0,21677.0,0.0,0.0,0.0,,False,True,CPI,event,False,1.0,1.0,0.0,0.0,0.0
2025-05-14,2025,2025-05-13,21962.5,22029.0,66.5,21995.75,21995.75,21980.0,1.0,1.0,0.0,19.0,False,False,,,True,1.0,1.0,1.0,0.0,0.0
2025-05-15,2025,2025-05-14,22109.75,22012.0,-97.75,22060.875,22061.0,22042.25,0.0,0.0,1.0,,False,False,,,True,1.0,1.0,0.0,0.0,0.0
2025-05-16,2025,2025-05-15,22120.75,22189.0,68.25,22154.875,22155.0,22181.0,1.0,1.0,1.0,1.0,False,False,,,True,1.0,1.0,1.0,1.0,1.0
2025-05-19,2025,2025-05-16,22203.75,21904.5,-299.25,22054.125,22054.25,22163.75,1.0,1.0,0.0,18.0,False,False,,,True,1.0,1.0,1.0,0.0,0.0
2025-05-20,2025,2025-05-19,22195.25,22115.75,-79.5,22155.5,22155.5,22146.0,0.0,0.0,1.0,,False,False,,,True,1.0,1.0,0.0,0.0,0.0
2025-05-21,2025,2025-05-20,22114.25,21984.0,-130.25,22049.125,22049.25,21997.0,1.0,1.0,1.0,4.0,False,False,,,True,1.0,1.0,1.0,1.0,0.0
2025-05-22,2025,2025-05-21,21826.75,21874.5,47.75,21850.625,21850.75,21854.25,1.0,1.0,1.0,4.0,False,False,,,True,1.0,1.0,1.0,1.0,1.0
2025-05-23,2025,2025-05-22,21892.5,21554.0,-338.5,21723.25,21723.25,21562.25,0.0,0.0,1.0,,False,False,,,True,1.0,1.0,0.0,0.0,0.0
2025-05-26,2025,2025-05-23,21650.25,21969.0,318.75,21809.625,21809.75,21964.5,0.0,0.0,0.0,,False,False,,,True,1.0,0.0,0.0,0.0,0.0
2025-05-27,2025,2025-05-26,,,,,,,,,,,False,False,,holiday_prior,False,,,,,
2025-05-28,2025,2025-05-27,22178.0,22204.5,26.5,22191.25,22191.25,22196.25,1.0,1.0,1.0,20.0,False,False,,,True,1.0,1.0,1.0,1.0,1.0
2025-05-29,2025,2025-05-28,22090.25,22387.75,297.5,22239.0,22239.0,22174.75,1.0,1.0,0.0,15.0,False,False,,,True,1.0,1.0,1.0,0.0,0.0
2025-05-30,2025,2025-05-29,22093.0,22086.0,-7.0,22089.5,22089.5,22086.75,1.0,1.0,1.0,0.0,False,False,,,True,1.0,1.0,1.0,1.0,1.0
2025-06-02,2025,2025-05-30,22076.75,21988.75,-88.0,22032.75,22032.75,22037.25,1.0,1.0,1.0,1.0,False,False,,,True,1.0,1.0,1.0,1.0,1.0
2025-06-03,2025,2025-06-02,22265.0,22252.0,-13.0,22258.5,22258.5,22263.25,1.0,1.0,1.0,1.0,False,False,,,True,1.0,1.0,1.0,1.0,1.0
2025-06-04,2025,2025-06-03,22392.25,22437.75,45.5,22415.0,22415.0,22401.75,0.0,0.0,0.0,,False,False,,,True,1.0,1.0,0.0,0.0,0.0
2025-06-05,2025,2025-06-04,22467.5,22522.0,54.5,22494.75,22494.75,22479.0,1.0,1.0,1.0,2.0,False,False,,,True,1.0,1.0,1.0,1.0,1.0
2025-06-06,2025,2025-06-05,22302.0,22502.75,200.75,22402.375,22402.5,22457.0,0.0,0.0,0.0,,False,True,NFP,event,False,1.0,0.0,0.0,0.0,0.0
2025-06-09,2025,2025-06-06,22503.25,22512.75,9.5,22508.0,22508.0,22507.0,1.0,1.0,1.0,0.0,False,False,,,True,1.0,1.0,1.0,1.0,1.0
2025-06-10,2025,2025-06-09,22506.25,22545.0,38.75,22525.625,22525.75,22523.25,0.0,0.0,0.0,,False,False,,,True,1.0,1.0,0.0,0.0,0.0
2025-06-11,2025,2025-06-10,22648.5,22726.75,78.25,22687.625,22687.75,22673.25,1.0,1.0,1.0,2.0,False,True,CPI,event,False,1.0,1.0,1.0,1.0,1.0
2025-06-12,2025,2025-06-11,22600.75,22536.5,-64.25,22568.625,22568.75,22567.25,1.0,1.0,1.0,1.0,False,False,,,True,1.0,1.0,1.0,1.0,1.0
2025-06-13,2025,2025-06-12,22639.75,22379.0,-260.75,22509.375,22509.5,22454.75,0.0,0.0,1.0,,False,False,,,True,1.0,1.0,0.0,0.0,0.0
2025-06-16,2025,2025-06-13,22373.0,22511.5,138.5,22442.25,22442.25,22498.0,0.0,0.0,0.0,,False,False,,,True,1.0,0.0,0.0,0.0,0.0
2025-06-17,2025,2025-06-16,22668.75,22554.0,-114.75,22611.375,22611.5,22665.0,0.0,0.0,0.0,,False,False,,,True,1.0,1.0,0.0,0.0,0.0
2025-06-18,2025,2025-06-17,22445.0,22492.0,47.0,22468.5,22468.5,22457.5,1.0,1.0,1.0,1.0,False,True,FOMC,event,False,1.0,1.0,1.0,1.0,1.0
2025-06-19,2025,2025-06-18,22456.5,22274.0,-182.5,22365.25,22365.25,22390.25,0.0,0.0,0.0,,False,False,,,True,1.0,0.0,0.0,0.0,0.0
2025-06-20,2025,2025-06-19,,,,,,,,,,,False,False,,holiday_prior,False,,,,,
2025-06-23,2025,2025-06-20,22351.5,22363.75,12.25,22357.625,22357.75,22356.25,1.0,1.0,1.0,0.0,False,False,,,True,1.0,1.0,1.0,1.0,1.0
2025-06-24,2025,2025-06-23,22568.75,22783.25,214.5,22676.0,22676.0,22573.25,0.0,0.0,0.0,,False,False,,,True,1.0,0.0,0.0,0.0,0.0
2025-06-25,2025,2025-06-24,22896.0,22993.0,97.0,22944.5,22944.5,22912.75,0.0,0.0,0.0,,False,False,,,True,1.0,0.0,0.0,0.0,0.0
2025-06-26,2025,2025-06-25,22961.0,23049.75,88.75,23005.375,23005.5,23049.0,1.0,1.0,1.0,8.0,False,False,,,True,1.0,1.0,1.0,1.0,0.0
2025-06-27,2025,2025-06-26,23146.5,23202.75,56.25,23174.625,23174.75,23187.5,0.0,0.0,1.0,,False,False,,,True,1.0,1.0,0.0,0.0,0.0
2025-06-30,2025,2025-06-27,23231.5,23368.25,136.75,23299.875,23300.0,23331.75,1.0,1.0,1.0,15.0,False,False,,,True,1.0,1.0,1.0,0.0,0.0
2025-07-01,2025,2025-06-30,23348.5,23291.25,-57.25,23319.875,23320.0,23302.5,1.0,1.0,1.0,21.0,False,False,,,True,1.0,1.0,1.0,0.0,0.0
2025-07-02,2025,2025-07-01,23168.25,23148.75,-19.5,23158.5,23158.5,23161.5,1.0,1.0,1.0,1.0,False,False,,,True,1.0,1.0,1.0,1.0,1.0
2025-07-03,2025,2025-07-02,23332.5,23429.75,97.25,23381.125,23381.25,23429.25,0.0,0.0,1.0,,False,True,NFP,event,False,1.0,0.0,0.0,0.0,0.0
2025-07-04,2025,2025-07-03,,,,,,,,,,,False,False,,early_close_prior,False,,,,,
2025-07-07,2025,2025-07-04,,,,,,,,,,,False,False,,holiday_prior,False,,,,,
2025-07-08,2025,2025-07-07,23347.75,23430.0,82.25,23388.875,23389.0,23413.75,1.0,1.0,1.0,7.0,False,False,,,True,1.0,1.0,1.0,0.0,0.0
2025-07-09,2025,2025-07-08,23398.75,23463.5,64.75,23431.125,23431.25,23441.5,0.0,0.0,0.0,,False,False,,,True,1.0,0.0,0.0,0.0,0.0
2025-07-10,2025,2025-07-09,23552.0,23570.5,18.5,23561.25,23561.25,23561.0,1.0,1.0,1.0,1.0,False,False,,,True,1.0,1.0,1.0,1.0,1.0
2025-07-11,2025,2025-07-10,23493.5,23401.0,-92.5,23447.25,23447.25,23402.5,1.0,1.0,1.0,1.0,False,False,,,True,1.0,1.0,1.0,0.0,0.0
2025-07-14,2025,2025-07-11,23436.25,23428.0,-8.25,23432.125,23432.25,23432.75,1.0,1.0,1.0,0.0,False,False,,,True,1.0,1.0,1.0,1.0,1.0
2025-07-15,2025,2025-07-14,23522.0,23697.0,175.0,23609.5,23609.5,23681.25,0.0,0.0,1.0,,False,True,CPI,event,False,1.0,1.0,0.0,0.0,0.0
2025-07-16,2025,2025-07-15,23521.0,23566.0,45.0,23543.5,23543.5,23564.0,1.0,1.0,1.0,2.0,False,False,,,True,1.0,1.0,1.0,1.0,1.0
2025-07-17,2025,2025-07-16,23559.75,23596.25,36.5,23578.0,23578.0,23590.5,1.0,1.0,1.0,3.0,False,False,,,True,1.0,1.0,1.0,1.0,1.0
2025-07-18,2025,2025-07-17,23758.5,23794.0,35.5,23776.25,23776.25,23790.5,1.0,1.0,1.0,0.0,False,False,,,True,1.0,1.0,1.0,1.0,1.0
2025-07-21,2025,2025-07-18,23717.0,23746.5,29.5,23731.75,23731.75,23745.5,0.0,0.0,1.0,,False,False,,,True,1.0,0.0,0.0,0.0,0.0
2025-07-22,2025,2025-07-21,23839.0,23835.5,-3.5,23837.25,23837.25,23837.5,1.0,1.0,1.0,0.0,False,False,,,True,1.0,1.0,1.0,1.0,1.0
2025-07-23,2025,2025-07-22,23689.75,23756.0,66.25,23722.875,23723.0,23738.25,1.0,1.0,1.0,1.0,False,False,,,True,1.0,1.0,1.0,1.0,1.0
2025-07-24,2025,2025-07-23,23886.5,23870.25,-16.25,23878.375,23878.5,23872.25,1.0,1.0,1.0,1.0,False,False,,,True,1.0,1.0,1.0,1.0,1.0
2025-07-25,2025,2025-07-24,23882.25,23858.25,-24.0,23870.25,23870.25,23881.75,1.0,1.0,1.0,6.0,False,False,,,True,1.0,1.0,1.0,1.0,1.0
2025-07-28,2025,2025-07-25,23925.0,23966.0,41.0,23945.5,23945.5,23958.0,0.0,0.0,0.0,,False,False,,,True,1.0,0.0,0.0,0.0,0.0
2025-07-29,2025,2025-07-28,23994.25,24092.5,98.25,24043.375,24043.5,23998.25,0.0,0.0,0.0,,False,False,,,True,1.0,1.0,0.0,0.0,0.0
2025-07-30,2025,2025-07-29,23950.75,23979.75,29.0,23965.25,23965.25,23972.0,1.0,1.0,1.0,1.0,False,True,FOMC,event,False,1.0,1.0,1.0,1.0,1.0
2025-07-31,2025,2025-07-30,24177.5,24244.75,67.25,24211.125,24211.25,24234.5,1.0,1.0,1.0,1.0,False,False,,,True,1.0,1.0,1.0,1.0,1.0
2025-08-01,2025,2025-07-31,23837.5,23556.75,-280.75,23697.125,23697.25,23822.75,0.0,0.0,0.0,,False,True,NFP,event,False,1.0,0.0,0.0,0.0,0.0
2025-08-04,2025,2025-08-01,23382.5,23582.75,200.25,23482.625,23482.75,23472.0,0.0,0.0,0.0,,False,False,,,True,1.0,0.0,0.0,0.0,0.0
2025-08-05,2025,2025-08-04,23827.25,23836.5,9.25,23831.875,23832.0,23831.5,1.0,1.0,1.0,1.0,False,False,,,True,1.0,1.0,1.0,1.0,1.0
2025-08-06,2025,2025-08-05,23637.25,23665.0,27.75,23651.125,23651.25,23648.25,1.0,1.0,1.0,1.0,False,False,,,True,1.0,1.0,1.0,1.0,0.0
2025-08-07,2025,2025-08-06,23902.25,24089.0,186.75,23995.625,23995.75,24069.0,0.0,0.0,1.0,,False,False,,,True,1.0,0.0,0.0,0.0,0.0
2025-08-08,2025,2025-08-07,24023.0,24035.25,12.25,24029.125,24029.25,24026.0,1.0,1.0,1.0,5.0,False,False,,,True,1.0,1.0,1.0,1.0,0.0
2025-08-11,2025,2025-08-08,24246.0,24202.5,-43.5,24224.25,24224.25,24205.5,1.0,1.0,1.0,1.0,False,False,,,True,1.0,1.0,1.0,1.0,0.0
2025-08-12,2025,2025-08-11,24121.25,24230.75,109.5,24176.0,24176.0,24228.0,1.0,1.0,1.0,21.0,False,True,CPI,event,False,1.0,1.0,1.0,1.0,0.0
2025-08-13,2025,2025-08-12,24426.25,24537.0,110.75,24481.625,24481.75,24483.0,0.0,0.0,0.0,,False,False,,,True,1.0,1.0,0.0,0.0,0.0
2025-08-14,2025,2025-08-13,24426.0,24348.0,-78.0,24387.0,24387.0,24402.5,1.0,1.0,1.0,5.0,False,False,,,True,1.0,1.0,1.0,1.0,1.0
2025-08-15,2025,2025-08-14,24370.75,24405.75,35.0,24388.25,24388.25,24370.75,1.0,1.0,1.0,1.0,False,False,,,True,1.0,1.0,1.0,1.0,1.0
2025-08-18,2025,2025-08-15,24298.0,24257.5,-40.5,24277.75,24277.75,24282.5,1.0,1.0,1.0,1.0,False,False,,,True,1.0,1.0,1.0,1.0,1.0
2025-08-19,2025,2025-08-18,24293.25,24254.75,-38.5,24274.0,24274.0,24286.25,0.0,0.0,0.0,,False,False,,,True,1.0,1.0,0.0,0.0,0.0
2025-08-20,2025,2025-08-19,23963.25,23919.25,-44.0,23941.25,23941.25,23949.25,0.0,0.0,0.0,,False,False,,,True,1.0,0.0,0.0,0.0,0.0
2025-08-21,2025,2025-08-20,23810.25,23751.0,-59.25,23780.625,23780.75,23771.0,1.0,1.0,1.0,8.0,False,False,,,True,1.0,1.0,1.0,0.0,0.0
2025-08-22,2025,2025-08-21,23712.5,23755.75,43.25,23734.125,23734.25,23724.0,1.0,1.0,1.0,1.0,False,False,,,True,1.0,1.0,1.0,1.0,1.0
2025-08-25,2025,2025-08-22,24071.5,23992.0,-79.5,24031.75,24031.75,24070.5,0.0,0.0,0.0,,False,False,,,True,1.0,1.0,0.0,0.0,0.0
2025-08-26,2025,2025-08-25,24006.0,23961.75,-44.25,23983.875,23984.0,23995.5,1.0,1.0,1.0,1.0,False,False,,,True,1.0,1.0,1.0,1.0,1.0
2025-08-27,2025,2025-08-26,24103.75,24040.5,-63.25,24072.125,24072.25,24049.0,0.0,0.0,1.0,,False,False,,,True,1.0,1.0,0.0,0.0,0.0
2025-08-28,2025,2025-08-27,24111.25,24127.75,16.5,24119.5,24119.5,24117.25,1.0,1.0,1.0,21.0,False,False,,,True,1.0,1.0,1.0,1.0,1.0
2025-08-29,2025,2025-08-28,24253.5,24157.0,-96.5,24205.25,24205.25,24195.75,0.0,0.0,0.0,,False,False,,,True,1.0,0.0,0.0,0.0,0.0
2025-09-01,2025,2025-08-29,23954.75,23970.0,15.25,23962.375,23962.5,23965.25,1.0,1.0,1.0,1.0,False,False,,,True,1.0,1.0,1.0,1.0,1.0
2025-09-02,2025,2025-09-01,,,,,,,,,,,False,False,,holiday_prior,False,,,,,
2025-09-03,2025,2025-09-02,23835.25,23926.5,91.25,23880.875,23881.0,23857.0,1.0,1.0,0.0,2.0,False,False,,,True,1.0,1.0,1.0,0.0,0.0
2025-09-04,2025,2025-09-03,23946.75,23974.5,27.75,23960.625,23960.75,23951.25,1.0,1.0,1.0,1.0,False,False,,,True,1.0,1.0,1.0,1.0,0.0
2025-09-05,2025,2025-09-04,24184.75,24376.5,191.75,24280.625,24280.75,24361.75,0.0,0.0,1.0,,False,True,NFP,event,False,1.0,1.0,0.0,0.0,0.0
2025-09-08,2025,2025-09-05,24171.75,24280.25,108.5,24226.0,24226.0,24205.25,0.0,0.0,0.0,,False,False,,,True,1.0,0.0,0.0,0.0,0.0
2025-09-09,2025,2025-09-08,24295.0,24326.0,31.0,24310.5,24310.5,24305.0,1.0,1.0,1.0,12.0,False,False,,,True,1.0,1.0,1.0,1.0,0.0
2025-09-10,2025,2025-09-09,24372.75,24498.0,125.25,24435.375,24435.5,24456.0,1.0,1.0,1.0,1.0,False,False,,,True,1.0,1.0,1.0,1.0,0.0
2025-09-11,2025,2025-09-10,24366.5,24465.75,99.25,24416.125,24416.25,24372.25,1.0,1.0,0.0,13.0,False,True,CPI,event,False,1.0,1.0,1.0,0.0,0.0
2025-09-12,2025,2025-09-11,24502.25,24536.75,34.5,24519.5,24519.5,24532.0,1.0,1.0,1.0,6.0,False,False,,,True,1.0,1.0,1.0,1.0,1.0
2025-09-15,2025,2025-09-12,24604.75,24675.75,71.0,24640.25,24640.25,24614.5,0.0,0.0,0.0,,False,False,,,True,1.0,0.0,0.0,0.0,0.0
2025-09-16,2025,2025-09-15,24786.5,24851.75,65.25,24819.125,24819.25,24809.75,1.0,1.0,1.0,4.0,False,False,,,True,1.0,1.0,1.0,1.0,1.0
2025-09-17,2025,2025-09-16,24789.25,24782.75,-6.5,24786.0,24786.0,24787.0,1.0,1.0,1.0,1.0,False,True,FOMC,event,False,1.0,1.0,1.0,1.0,1.0
2025-09-18,2025,2025-09-17,24761.75,24931.5,169.75,24846.625,24846.75,24901.0,0.0,0.0,1.0,,False,False,,,True,1.0,1.0,0.0,0.0,0.0
2025-09-19,2025,2025-09-18,24953.5,25037.75,84.25,24995.625,24995.75,24960.0,1.0,1.0,0.0,9.0,False,False,,,True,1.0,1.0,1.0,0.0,0.0
2025-09-22,2025,2025-09-19,25126.25,25076.25,-50.0,25101.25,25101.25,25103.5,1.0,1.0,1.0,3.0,False,False,,,True,1.0,1.0,1.0,1.0,1.0
2025-09-23,2025,2025-09-22,25238.75,25255.0,16.25,25246.875,25247.0,25252.5,1.0,1.0,1.0,1.0,False,False,,,True,1.0,1.0,1.0,1.0,1.0
2025-09-24,2025,2025-09-23,25095.5,25139.75,44.25,25117.625,25117.75,25118.75,1.0,1.0,1.0,3.0,False,False,,,True,1.0,1.0,1.0,1.0,1.0
2025-09-25,2025,2025-09-24,25004.5,24835.75,-168.75,24920.125,24920.25,24927.0,0.0,0.0,0.0,,False,False,,,True,1.0,0.0,0.0,0.0,0.0
2025-09-26,2025,2025-09-25,24882.0,24918.75,36.75,24900.375,24900.5,24910.5,1.0,1.0,1.0,1.0,False,False,,,True,1.0,1.0,1.0,1.0,1.0
2025-09-29,2025,2025-09-26,24998.75,25115.0,116.25,25056.875,25057.0,25111.75,0.0,0.0,1.0,,False,False,,,True,1.0,0.0,0.0,0.0,0.0
2025-09-30,2025,2025-09-29,25086.25,25070.5,-15.75,25078.375,25078.5,25076.25,1.0,1.0,1.0,0.0,False,False,,,True,1.0,1.0,1.0,1.0,1.0
2025-10-01,2025,2025-09-30,25116.25,25025.75,-90.5,25071.0,25071.0,25057.25,1.0,1.0,1.0,3.0,False,False,,,True,1.0,1.0,1.0,1.0,0.0
2025-10-02,2025,2025-10-01,25249.75,25424.0,174.25,25336.875,25337.0,25291.0,1.0,1.0,1.0,9.0,False,False,,,True,1.0,1.0,1.0,1.0,0.0
2025-10-03,2025,2025-10-02,25376.75,25390.5,13.75,25383.625,25383.75,25385.0,1.0,1.0,1.0,1.0,False,True,NFP,event,False,1.0,1.0,1.0,1.0,1.0
2025-10-06,2025,2025-10-03,25236.0,25468.75,232.75,25352.375,25352.5,25411.5,0.0,0.0,1.0,,False,False,,,True,1.0,1.0,0.0,0.0,0.0
2025-10-07,2025,2025-10-06,25435.25,25494.5,59.25,25464.875,25465.0,25483.5,0.0,0.0,1.0,,False,False,,,True,1.0,1.0,0.0,0.0,0.0
2025-10-08,2025,2025-10-07,25316.25,25341.25,25.0,25328.75,25328.75,25316.5,0.0,0.0,0.0,,False,False,,,True,1.0,1.0,0.0,0.0,0.0
2025-10-09,2025,2025-10-08,25590.25,25587.25,-3.0,25588.75,25588.75,25590.0,1.0,1.0,1.0,0.0,False,False,,,True,1.0,1.0,1.0,1.0,1.0
2025-10-10,2025,2025-10-09,25546.0,25559.25,13.25,25552.625,25552.75,25548.75,1.0,1.0,0.0,1.0,False,False,,,True,1.0,1.0,1.0,0.0,0.0
2025-10-13,2025,2025-10-10,24702.5,25084.0,381.5,24893.25,24893.25,24944.5,0.0,0.0,0.0,,False,False,,,True,1.0,1.0,0.0,0.0,0.0
2025-10-14,2025,2025-10-13,25175.0,24891.25,-283.75,25033.125,25033.25,24955.5,0.0,0.0,0.0,,False,False,,,True,1.0,0.0,0.0,0.0,0.0
2025-10-15,2025,2025-10-14,24980.25,25260.5,280.25,25120.375,25120.5,25104.5,0.0,0.0,0.0,,False,False,,,True,1.0,1.0,0.0,0.0,0.0
2025-10-16,2025,2025-10-15,25192.5,25304.75,112.25,25248.625,25248.75,25250.0,0.0,0.0,0.0,,False,False,,,True,1.0,0.0,0.0,0.0,0.0
2025-10-17,2025,2025-10-16,25013.25,24988.25,-25.0,25000.75,25000.75,25002.5,1.0,1.0,1.0,0.0,False,False,,,True,1.0,1.0,1.0,1.0,1.0
2025-10-20,2025,2025-10-17,25269.75,25379.75,110.0,25324.75,25324.75,25278.75,0.0,0.0,0.0,,False,False,,,True,1.0,0.0,0.0,0.0,0.0
2025-10-21,2025,2025-10-20,25575.75,25549.75,-26.0,25562.75,25562.75,25567.0,0.0,0.0,0.0,,False,False,,,True,1.0,1.0,0.0,0.0,0.0
2025-10-22,2025,2025-10-21,25496.25,25523.0,26.75,25509.625,25509.75,25505.25,1.0,1.0,1.0,1.0,False,False,,,True,1.0,1.0,1.0,1.0,1.0
2025-10-23,2025,2025-10-22,25305.75,25273.25,-32.5,25289.5,25289.5,25294.5,1.0,1.0,1.0,1.0,False,False,,,True,1.0,1.0,1.0,1.0,1.0
2025-10-24,2025,2025-10-23,25524.25,25727.25,203.0,25625.75,25625.75,25596.5,0.0,0.0,0.0,,False,True,CPI,event,False,1.0,0.0,0.0,0.0,0.0
2025-10-27,2025,2025-10-24,25763.75,26083.25,319.5,25923.5,25923.5,25774.75,0.0,0.0,0.0,,False,False,,,True,1.0,0.0,0.0,0.0,0.0
2025-10-28,2025,2025-10-27,26230.0,26310.0,80.0,26270.0,26270.0,26253.25,0.0,0.0,0.0,,False,False,,,True,1.0,1.0,0.0,0.0,0.0
2025-10-29,2025,2025-10-28,26413.25,26519.25,106.0,26466.25,26466.25,26471.75,0.0,0.0,0.0,,False,True,FOMC,event,False,1.0,0.0,0.0,0.0,0.0
2025-10-30,2025,2025-10-29,26469.0,26358.0,-111.0,26413.5,26413.5,26384.25,0.0,0.0,1.0,,False,False,,,True,1.0,1.0,0.0,0.0,0.0
2025-10-31,2025,2025-10-30,26254.5,26460.75,206.25,26357.625,26357.75,26301.75,1.0,1.0,0.0,15.0,False,False,,,True,1.0,1.0,1.0,0.0,0.0
2025-11-03,2025,2025-10-31,26237.75,26478.25,240.5,26358.0,26358.0,26275.75,0.0,0.0,0.0,,False,False,,,True,1.0,1.0,0.0,0.0,0.0
2025-11-04,2025,2025-11-03,26385.5,25990.5,-395.0,26188.0,26188.0,26084.75,0.0,0.0,1.0,,False,False,,,True,1.0,1.0,0.0,0.0,0.0
2025-11-05,2025,2025-11-04,25818.75,25802.5,-16.25,25810.625,25810.75,25816.25,1.0,1.0,1.0,0.0,False,False,,,True,1.0,1.0,1.0,1.0,1.0
2025-11-06,2025,2025-11-05,25959.25,25936.75,-22.5,25948.0,25948.0,25937.5,0.0,0.0,1.0,,False,False,,,True,1.0,0.0,0.0,0.0,0.0
2025-11-07,2025,2025-11-06,25542.25,25358.5,-183.75,25450.375,25450.5,25369.0,0.0,0.0,1.0,,False,True,NFP,event,False,1.0,0.0,0.0,0.0,0.0
2025-11-10,2025,2025-11-07,25449.0,25796.25,347.25,25622.625,25622.75,25449.25,0.0,0.0,0.0,,False,False,,,True,1.0,0.0,0.0,0.0,0.0
2025-11-11,2025,2025-11-10,25992.0,25860.25,-131.75,25926.125,25926.25,25987.75,0.0,0.0,0.0,,False,False,,,True,1.0,1.0,0.0,0.0,0.0
2025-11-12,2025,2025-11-11,25931.75,26037.0,105.25,25984.375,25984.5,25937.75,1.0,1.0,1.0,2.0,False,False,,,True,1.0,1.0,1.0,1.0,1.0
2025-11-13,2025,2025-11-12,25902.25,25720.0,-182.25,25811.125,25811.25,25843.0,0.0,0.0,0.0,,False,False,,,True,1.0,0.0,0.0,0.0,0.0
2025-11-14,2025,2025-11-13,25405.5,24994.0,-411.5,25199.75,25199.75,25191.25,1.0,1.0,1.0,25.0,False,False,,,True,1.0,1.0,1.0,0.0,0.0
2025-11-17,2025,2025-11-14,25390.5,25252.75,-137.75,25321.625,25321.75,25386.75,1.0,1.0,1.0,3.0,False,False,,,True,1.0,1.0,1.0,1.0,1.0
2025-11-18,2025,2025-11-17,25174.75,24971.0,-203.75,25072.875,25073.0,25107.0,1.0,1.0,0.0,4.0,False,False,,,True,1.0,1.0,1.0,0.0,0.0
2025-11-19,2025,2025-11-18,24814.0,24880.75,66.75,24847.375,24847.5,24840.25,1.0,1.0,1.0,1.0,False,False,,,True,1.0,1.0,1.0,1.0,0.0
2025-11-20,2025,2025-11-19,24982.0,25471.25,489.25,25226.625,25226.75,25028.75,0.0,0.0,0.0,,False,True,NFP,event,False,1.0,0.0,0.0,0.0,0.0
2025-11-21,2025,2025-11-20,24375.75,24448.5,72.75,24412.125,24412.25,24383.0,1.0,1.0,1.0,11.0,False,False,,,True,1.0,1.0,1.0,1.0,1.0
2025-11-24,2025,2025-11-21,24582.0,24779.25,197.25,24680.625,24680.75,24733.0,0.0,0.0,0.0,,False,False,,,True,1.0,0.0,0.0,0.0,0.0
2025-11-25,2025,2025-11-24,25225.5,25114.5,-111.0,25170.0,25170.0,25194.75,0.0,0.0,0.0,,False,False,,,True,1.0,0.0,0.0,0.0,0.0
2025-11-26,2025,2025-11-25,25331.75,25483.25,151.5,25407.5,25407.5,25404.25,0.0,0.0,0.0,,False,False,,,True,1.0,1.0,0.0,0.0,0.0
2025-11-27,2025,2025-11-26,25570.75,25558.5,-12.25,25564.625,25564.75,25561.5,1.0,1.0,1.0,1.0,False,False,,,True,1.0,1.0,1.0,1.0,1.0
2025-11-28,2025,2025-11-27,,,,,,,,,,,False,False,,holiday_prior,False,,,,,
2025-12-01,2025,2025-11-28,,,,,,,,,,,False,False,,early_close_prior,False,,,,,
2025-12-02,2025,2025-12-01,25648.0,25755.0,107.0,25701.5,25701.5,25682.75,0.0,0.0,0.0,,False,False,,,True,1.0,1.0,0.0,0.0,0.0
2025-12-03,2025,2025-12-02,25852.75,25746.75,-106.0,25799.75,25799.75,25801.75,0.0,0.0,0.0,,False,False,,,True,1.0,1.0,0.0,0.0,0.0
2025-12-04,2025,2025-12-03,25906.25,25967.75,61.5,25937.0,25937.0,25960.5,1.0,1.0,1.0,1.0,False,False,,,True,1.0,1.0,1.0,1.0,1.0
2025-12-05,2025,2025-12-04,25890.0,25933.0,43.0,25911.5,25911.5,25916.0,0.0,0.0,0.0,,False,True,NFP,event,False,1.0,0.0,0.0,0.0,0.0
2025-12-08,2025,2025-12-05,25994.75,26052.25,57.5,26023.5,26023.5,26044.75,1.0,1.0,1.0,19.0,False,False,,,True,1.0,1.0,1.0,1.0,1.0
2025-12-09,2025,2025-12-08,25916.75,25865.0,-51.75,25890.875,25891.0,25872.25,1.0,1.0,1.0,1.0,False,False,,,True,1.0,1.0,1.0,1.0,0.0
2025-12-10,2025,2025-12-09,25938.25,25905.75,-32.5,25922.0,25922.0,25925.5,1.0,1.0,1.0,18.0,False,True,FOMC,event,False,1.0,1.0,1.0,0.0,0.0
2025-12-11,2025,2025-12-10,26047.75,25910.5,-137.25,25979.125,25979.25,25988.75,0.0,0.0,0.0,,False,False,,,True,1.0,0.0,0.0,0.0,0.0
